trial_number,trap_number,prawn_id,stage,length,treatment,dead,alive,scavenged,comments
10,1,1,2,44.17,0,0,1,0,
10,1,2,3,45.01,NA,0,1,0,
10,1,3,2,41.15,30,0,1,0,
10,1,4,2,39.01,60,0,1,0,
10,1,5,1,33,30,0,1,0,
10,1,6,2,44.01,90,1,0,0,
10,1,7,2,40.92,30,0,1,0,
10,1,8,2,41.51,30,1,0,0,
10,1,9,3,44.57,0,0,1,0,
10,1,10,1,34.51,0,0,1,0,
10,1,11,3,43.53,0,0,1,0,
10,1,12,3,49.51,30,0,1,0,
10,1,13,2,39.01,60,1,0,0,
10,1,14,0,21.24,30,0,1,0,
10,1,15,2,40.01,90,1,0,0,
10,1,16,1,35.01,0,0,1,0,
10,1,17,1,33.43,60,1,0,0,
10,1,18,NA,39.22,120,0,0,1,
10,1,19,1,37.01,90,1,0,0,
10,1,20,0,41.24,120,0,0,1,
10,1,21,NA,45.51,120,0,0,1,
10,1,22,NA,NA,NA,0,0,1,
10,1,23,NA,NA,NA,0,0,1,
10,1,24,NA,NA,NA,0,0,1,
10,2,25,2,38.38,NA,0,1,0,
10,2,26,3,45.51,0,0,1,0,
10,2,27,2,41.51,30,0,1,0,
10,2,28,2,41.06,90,0,1,0,
10,2,29,3,40.6,0,0,1,0,
10,2,30,3,44.51,NA,0,1,0,
10,2,31,2,40.74,30,0,1,0,
10,2,32,1,35.71,0,0,1,0,
10,2,33,1,36.01,0,0,1,0,
10,2,34,2,36.01,NA,0,1,0,
10,2,35,1,35.01,90,0,1,0,
10,2,36,1,33.97,0,0,1,0,
10,2,37,1,35,0,0,1,0,
10,2,38,2,35.41,0,0,1,0,
10,2,39,1,33.66,60,0,1,0,
10,2,40,1,32,60,0,1,0,
10,2,41,NA,NA,90,0,0,1,
10,2,42,3,43.83,30,0,1,0,
10,2,43,2,36.71,30,0,1,0,
10,2,44,1,22.5,0,0,1,0,
10,2,45,1,34.8,0,0,1,0,
10,2,46,1,33.19,90,0,0,1,
10,2,47,NA,37,30,0,0,1,
10,2,48,NA,NA,90,0,0,1,
10,2,49,NA,NA,90,0,0,1,
10,2,50,NA,NA,90,0,0,1,
10,2,51,NA,NA,120,0,0,1,
10,2,52,NA,NA,120,0,0,1,
10,2,53,NA,33.66,60,0,0,1,
10,2,54,NA,NA,NA,0,0,1,
10,2,55,2,42.32,NA,0,0,1,
10,2,56,NA,NA,NA,0,0,1,
10,3,57,2,43,0,0,1,0,
10,3,58,3,44.13,0,0,1,0,
10,3,59,1,44.01,120,1,0,0,
10,3,60,3,44,0,0,1,0,
10,3,61,1,34.84,0,0,1,0,
10,3,62,3,46,90,0,1,0,
10,3,63,0,21.85,0,0,1,0,
10,3,64,2,39,60,1,0,0,
10,3,65,1,35.34,90,1,0,0,
10,3,66,2,39,60,0,1,0,
10,3,67,2,38.61,NA,0,1,0,
10,3,68,2,38.06,30,0,1,0,
10,3,69,3,45,30,0,1,0,
10,3,70,1,31.78,30,0,1,0,
10,3,71,1,32,0,0,1,0,
10,3,72,1,32.77,60,0,1,0,
10,3,73,2,39,30,1,0,0,
10,3,74,0,21.55,60,0,1,0,
10,3,75,1,32.5,90,1,0,0,
10,3,76,3,44,60,1,0,0,
10,3,77,3,45.55,30,1,0,0,
10,3,78,2,38.5,120,1,0,0,
10,3,79,2,41.61,90,1,0,0,
10,3,80,1,29.5,60,1,0,0,
10,3,81,NA,41.95,120,0,0,1,
10,3,82,NA,NA,90,0,0,1,
10,3,83,NA,NA,60,0,0,1,
10,4,84,1,35.8,0,0,1,0,
10,4,85,3,42,NA,0,1,0,
10,4,86,1,34.12,NA,1,0,0,
10,4,87,3,37.5,30,0,1,0,
10,4,88,3,37.34,0,0,1,0,
10,4,89,1,34.59,0,0,1,0,
10,4,90,2,40.85,60,0,1,0,
10,4,91,3,43.05,60,0,1,0,
10,4,92,1,34.5,30,0,1,0,
10,4,93,2,34.19,60,0,1,0,
10,4,94,1,34.37,30,0,1,0,
10,4,95,1,32.5,0,0,1,0,
10,4,96,2,37,0,0,1,0,
10,4,97,1,21.86,90,0,1,0,
10,4,98,1,32,0,0,1,0,
10,4,99,3,43.96,90,1,0,0,
10,4,100,1,23.5,0,0,1,0,
10,4,101,3,40.55,NA,1,0,0,
10,4,102,3,41.5,90,1,0,0,
10,4,103,1,24,90,1,0,0,
10,4,104,3,42,30,1,0,0,
10,4,105,2,42.25,60,1,0,0,
10,4,106,1,31,90,1,0,0,
10,4,107,NA,NA,120,0,0,1,
10,4,108,NA,NA,120,0,0,1,
10,4,109,NA,NA,120,0,0,1,
10,4,110,NA,NA,120,0,0,1,
10,4,111,NA,34.5,120,0,0,1,
10,4,112,NA,39.84,90,0,0,1,
10,4,113,NA,NA,NA,0,0,1,
10,4,114,NA,35.44,90,0,0,1,
10,4,115,NA,46,NA,0,0,1,
10,4,116,NA,NA,0,0,0,1,
10,5,117,2,41,0,0,0,1,
10,5,118,2,40.04,0,0,0,1,
10,5,119,3,40.5,0,0,0,1,
10,5,120,1,23.8,60,0,0,1,
10,5,121,3,40.5,0,0,0,1,
10,5,122,3,43,0,0,0,1,
10,5,123,1,33.87,0,0,0,1,
10,5,124,1,34.5,30,0,0,1,
10,5,125,1,32.5,0,0,0,1,
10,5,126,1,35.11,60,0,0,1,
10,5,127,1,32.5,30,0,0,1,
10,5,128,1,30.53,30,0,0,1,
10,5,129,2,41,90,0,0,1,
10,5,130,3,44.67,30,0,0,1,
10,5,131,2,40.5,30,0,0,1,
10,5,132,2,43.42,0,0,0,1,
10,5,133,1,31.5,0,0,0,1,
10,5,134,1,36.5,0,0,0,1,
10,5,135,1,32.95,30,0,0,1,
10,5,136,0,21.5,0,0,0,1,
10,5,137,1,22.45,0,0,1,0,
10,5,138,1,22.5,0,0,1,0,
10,5,139,0,22,30,0,1,0,
10,5,140,1,23.93,60,0,1,0,
10,5,141,0,22,90,0,1,0,
10,5,142,3,41.55,120,1,0,0,
10,5,143,0,21,0,0,1,0,
10,5,144,1,35.25,120,1,0,0,
10,5,145,1,20,0,0,1,0,
10,5,146,2,37.38,90,1,0,0,
10,5,147,3,50.5,120,1,0,0,
10,5,148,1,32.94,90,1,0,0,
10,5,149,3,38.5,30,1,0,0,
10,5,150,1,21.87,0,0,1,0,
10,5,151,3,44,120,1,0,0,
10,5,152,1,34.5,120,1,0,0,
10,5,153,1,25,90,1,0,0,
10,5,154,0,20.06,90,0,1,0,
10,5,155,NA,22,NA,0,0,1,
10,5,156,1,21.08,0,0,1,0,
10,5,157,1,20.5,90,1,0,0,
10,5,158,NA,38,120,0,0,1,
10,5,159,NA,34.95,90,0,0,1,
10,5,160,NA,45.5,120,0,0,1,
10,5,161,NA,40.5,60,0,0,1,
10,5,162,NA,33.19,60,0,0,1,
10,5,163,NA,24.5,60,0,0,1,
10,5,164,NA,NA,60,0,0,1,
10,5,165,1,23,NA,0,0,1,
10,5,166,NA,40.14,30,0,0,1,
10,5,167,NA,NA,120,0,0,1,
10,5,168,NA,24.5,60,0,0,1,
10,5,169,NA,NA,120,0,0,1,
10,5,170,NA,NA,60,0,0,1,
10,6,171,3,46,60,0,1,0,
10,6,172,1,35.5,60,1,0,0,
10,6,173,3,41.35,0,0,1,0,
10,6,174,2,41,60,0,1,0,
10,6,175,1,35,NA,0,1,0,
10,6,176,1,31.38,0,0,1,0,
10,6,177,1,34.82,0,0,1,0,
10,6,178,3,46,NA,0,1,0,
10,6,179,2,39.5,30,0,0,1,
10,6,180,1,35.07,0,0,1,0,
10,6,181,1,33.37,60,0,1,0,
10,6,182,3,44.5,120,1,0,0,
10,6,183,1,24.62,0,0,1,0,
10,6,184,1,33.5,0,1,0,0,
10,6,185,2,41.5,60,0,1,0,
10,6,186,1,37.08,60,1,0,0,
10,6,187,2,38,30,1,0,0,
10,6,188,1,34.07,120,1,0,0,
10,6,189,3,42,0,0,1,0,
10,6,190,NA,35.35,30,0,0,1,
10,6,191,2,38.5,60,1,0,0,
10,6,192,1,31.6,60,0,1,0,
10,6,193,1,31.5,30,0,0,1,
10,6,194,NA,42.08,60,0,0,1,
10,6,195,NA,NA,90,0,0,1,
10,6,196,NA,NA,90,0,0,1,
10,6,197,NA,NA,NA,0,0,1,
10,6,198,NA,NA,NA,0,0,1,
10,6,199,NA,37.5,NA,0,0,1,
10,6,200,NA,NA,NA,0,0,1,
10,6,201,NA,33,60,0,0,1,
13,1,1,1,33.5,90,1,0,0,
13,1,2,2,40,0,0,1,0,
13,1,3,1,32,30,0,1,0,
13,1,4,1,32.63,30,0,1,0,
13,1,5,1,33,30,0,1,0,
13,1,6,1,31.35,0,0,1,0,
13,1,7,2,37,0,0,1,0,
13,1,8,1,30.53,0,0,1,0,
13,1,9,1,33,30,0,1,0,
13,1,10,2,42.41,90,0,0,1,
13,1,11,1,31.5,60,0,1,0,
13,1,12,1,31.84,60,0,1,0,
13,1,13,1,31,30,0,1,0,
13,1,14,1,32.35,60,1,0,0,
13,1,15,1,35,60,0,1,0,
13,1,16,1,36.01,30,0,1,0,
13,1,17,1,32,30,0,1,0,
13,1,18,1,31.94,0,0,1,0,
13,1,19,1,32.5,30,0,1,0,
13,1,20,1,30.99,30,0,1,0,
13,1,21,1,20.85,60,0,1,0,
13,1,22,1,32.86,0,0,1,0,
13,1,23,1,22,0,0,1,0,
13,1,24,1,30,0,1,0,0,
13,1,25,2,38,0,1,0,0,
13,1,26,1,34.5,0,1,0,0,
13,1,27,1,33,60,0,0,1,
13,1,28,1,32.5,90,1,0,0,
13,1,29,1,32,90,1,0,0,
13,1,30,NA,40,90,0,0,1,
13,1,31,NA,NA,60,0,0,1,
13,2,32,3,37.23,30,0,1,0,
13,2,33,3,39,0,0,1,0,
13,2,34,3,39.1,90,1,0,0,
13,2,35,3,40,0,0,1,0,
13,2,36,2,36.54,60,0,1,0,
13,2,37,2,39.5,30,0,1,0,
13,2,38,1,32.35,60,0,1,0,
13,2,39,1,34,0,0,1,0,
13,2,40,3,43.89,0,0,1,0,
13,2,41,1,31.5,60,0,1,0,
13,2,42,2,38.99,30,0,1,0,
13,2,43,1,32,90,0,1,0,
13,2,44,1,32.65,60,0,1,0,
13,2,45,2,38.5,0,0,1,0,
13,2,46,NA,36.11,90,0,1,0,
13,2,47,1,31.5,30,0,1,0,
13,2,48,1,33.16,0,0,1,0,
13,2,49,1,33,60,0,1,0,
13,2,50,1,32.97,0,1,0,0,
13,2,51,2,38,60,0,1,0,
13,2,52,1,32,60,0,1,0,
13,2,53,2,41.57,30,0,1,0,
13,2,54,1,30.5,30,0,1,0,
13,2,55,1,33.78,90,1,0,0,
13,2,56,1,31.5,90,0,1,0,
13,2,57,1,23.58,0,0,1,0,
13,2,58,1,33.5,30,1,0,0,
13,2,59,1,31.5,90,1,0,0,
13,2,60,1,32,60,1,0,0,
13,2,61,NA,NA,90,0,0,1,
13,2,62,1,24,60,1,0,0,
13,2,63,1,25.07,30,1,0,0,
13,2,64,3,39,30,0,0,1,
13,2,65,NA,NA,30,0,0,1,
13,2,66,NA,NA,90,0,0,1,
13,2,67,NA,NA,60,0,0,1,
13,3,68,2,39,30,0,1,0,
13,3,69,1,31.73,30,0,1,0,
13,3,70,2,39,30,0,1,0,
13,3,71,1,32.08,0,1,0,0,
13,3,72,2,40.5,30,0,1,0,
13,3,73,1,31.64,90,0,1,0,
13,3,74,2,40.5,60,0,1,0,
13,3,75,1,32.25,30,0,1,0,
13,3,76,1,31,0,0,1,0,
13,3,77,1,30.78,60,0,1,0,
13,3,78,3,38.5,0,0,1,0,
13,3,79,1,32.6,60,1,0,0,
13,3,80,2,38.5,0,0,1,0,
13,3,81,3,40.36,90,0,0,1,
13,3,82,1,32,0,0,1,0,
13,3,83,NA,33.85,90,1,0,0,
13,3,84,1,30,0,0,1,0,
13,3,85,2,41.15,60,1,0,0,
13,3,86,1,34,0,0,1,0,
13,3,87,3,37.93,90,1,0,0,
13,3,88,1,32,0,0,1,0,
13,3,89,1,32.38,0,0,1,0,
13,3,90,1,31.25,30,1,0,0,
13,3,91,2,41,60,0,1,0,
13,3,92,1,31.24,0,1,0,0,
13,3,93,1,33,30,1,0,0,
13,3,94,1,22.02,60,1,0,0,
13,3,95,1,30.5,60,1,0,0,
13,3,96,2,40.5,90,1,0,0,
13,3,97,1,33,90,1,0,0,
13,3,98,NA,NA,90,0,0,1,
13,3,99,NA,32.65,90,0,0,1,
13,3,100,1,31.5,NA,0,0,1,
13,4,101,1,32,30,0,1,0,
13,4,102,3,38,0,0,1,0,
13,4,103,3,38.13,0,0,1,0,
13,4,104,2,30.5,NA,0,1,0,
13,4,105,2,38.77,60,1,0,0,
13,4,106,2,37.5,60,0,1,0,
13,4,107,1,33.14,60,0,1,0,
13,4,108,2,38,60,0,1,0,
13,4,109,1,33.65,0,0,1,0,
13,4,110,1,33,0,0,1,0,
13,4,111,1,31.29,30,1,0,0,
13,4,112,1,32.5,0,0,1,0,
13,4,113,1,32.16,60,0,1,0,
13,4,114,1,34,0,0,1,0,
13,4,115,3,40.77,0,0,1,0,
13,4,116,1,24,0,0,1,0,
13,4,117,1,32.92,60,0,1,0,
13,4,118,1,33,30,0,1,0,
13,4,119,1,31.57,30,0,1,0,
13,4,120,1,33,90,0,1,0,
13,4,121,1,31.63,90,1,0,0,
13,4,122,1,30.5,60,0,1,0,
13,4,123,1,30.03,90,0,1,0,
13,4,124,2,38.5,NA,0,1,0,
13,4,125,1,32.27,90,1,0,0,
13,4,126,1,32,90,1,0,0,
13,4,127,1,33.14,30,1,0,0,
13,4,128,1,30.5,60,1,0,0,
13,4,129,1,31.7,30,1,0,0,
13,4,130,3,38,0,0,1,0,
13,4,131,1,32.85,0,1,0,0,
13,4,132,1,31.13,30,1,0,0,
13,4,133,NA,NA,90,0,0,1,
13,4,134,NA,NA,30,0,0,1,
13,4,135,NA,38.29,90,0,0,1,
13,4,136,1,32.12,90,0,0,1,
13,4,137,1,33.4,90,1,0,0,
13,4,138,1,33.57,90,1,0,0,
13,4,139,1,30.88,60,0,0,1,
13,4,140,NA,33.3,90,0,0,1,
13,5,141,1,30.5,0,0,1,0,
13,5,142,1,32.1,30,0,1,0,
13,5,143,2,38,0,0,1,0,
13,5,144,1,32.4,0,0,1,0,
13,5,145,1,29.5,0,1,0,0,
13,5,146,3,39.25,30,0,1,0,
13,5,147,2,40,NA,0,1,0,
13,5,148,1,30.6,0,0,1,0,
13,5,149,1,32,60,0,1,0,
13,5,150,1,31.89,0,0,1,0,
13,5,151,1,31.5,0,0,1,0,
13,5,152,1,31.65,60,0,1,0,
13,5,153,1,32,60,1,0,0,
13,5,154,1,29.62,90,1,0,0,
13,5,155,1,31.61,30,0,1,0,
13,5,156,2,39.5,30,1,0,0,
13,5,157,1,31.63,30,0,1,0,
13,5,158,1,32,60,0,1,0,
13,5,159,2,40.7,60,0,1,0,
13,5,160,1,33.5,60,0,1,0,
13,5,161,2,41.39,30,1,0,0,
13,5,162,1,32.5,30,0,1,0,
13,5,163,3,41.61,90,1,0,0,
13,5,164,1,34,30,0,1,0,
13,5,165,1,32.8,NA,1,0,0,
13,5,166,1,32.5,60,0,1,0,
13,5,167,1,24,0,0,1,0,
13,5,168,1,32.77,60,1,0,0,
13,5,169,1,31.38,0,1,0,0,
13,5,170,3,41.6,90,1,0,0,
13,5,171,1,31.92,0,1,0,0,
13,5,172,1,34.24,90,1,0,0,
13,5,173,3,40.14,90,0,0,1,
13,5,174,1,30,30,1,0,0,
13,5,175,1,33,NA,0,0,1,
13,5,176,1,30,30,1,0,0,
13,5,177,1,30.5,90,1,0,0,
13,5,178,1,32,30,1,0,0,
13,5,179,1,31,90,0,0,1,
13,5,180,NA,NA,90,0,0,1,
13,6,181,2,38.5,30,0,1,0,
13,6,182,2,36.5,60,0,1,0,
13,6,183,1,32.5,30,0,1,0,
13,6,184,3,37.92,60,1,0,0,
13,6,185,1,30.5,60,0,1,0,
13,6,186,1,31.93,0,0,1,0,
13,6,187,3,39.5,0,0,1,0,
13,6,188,1,31.72,0,0,1,0,
13,6,189,1,34,0,0,1,0,
13,6,190,3,39.62,30,0,1,0,
13,6,191,1,33,30,1,0,0,
13,6,192,2,41.63,30,0,0,1,
13,6,193,1,31.5,0,0,1,0,
13,6,194,1,31.83,30,1,0,0,
13,6,195,1,33,60,0,1,0,
13,6,196,1,33.31,60,0,1,0,
13,6,197,1,24.5,60,0,1,0,
13,6,198,3,39.33,30,0,1,0,
13,6,199,NA,32.42,60,0,0,1,
13,6,200,1,21.5,30,0,1,0,
13,6,201,1,33.27,90,1,0,0,
13,6,202,2,40.03,60,1,0,0,
13,6,203,1,34.5,90,1,0,0,
13,6,204,1,32.81,90,1,0,0,
13,6,205,1,24.53,90,1,0,0,
13,6,206,1,32.79,60,0,0,1,
13,6,207,2,40.21,90,1,0,0,
13,6,208,1,24.8,0,1,0,0,
13,6,209,1,29.65,90,1,0,0,
13,6,210,NA,23.07,90,0,0,1,
13,6,211,2,37.37,90,1,0,0,
13,6,212,1,32.54,60,1,0,0,
15,1,1,3,37.04,90,0,1,0,
15,1,2,3,38.28,0,0,1,0,
15,1,3,1,30.51,30,0,1,0,
15,1,4,2,38,0,0,1,0,
15,1,5,2,39.75,0,0,1,0,
15,1,6,1,29,30,0,1,0,
15,1,7,1,34.33,30,0,1,0,
15,1,8,1,31.97,0,0,1,0,
15,1,9,3,35.5,90,0,1,0,
15,1,10,3,39.5,30,0,1,0,
15,1,11,2,37.5,30,0,1,0,
15,1,12,2,37,90,0,1,0,
15,1,13,1,30.5,120,0,1,0,
15,1,14,2,34.1,30,0,1,0,
15,1,15,1,31,30,0,1,0,
15,1,16,1,33.91,90,0,1,0,
15,1,17,1,30,0,0,1,0,
15,1,18,1,27.99,60,0,1,0,
15,1,19,1,29,0,0,1,0,
15,1,20,1,28,120,0,1,0,
15,1,21,1,29.44,60,0,1,0,
15,1,22,1,30.82,0,0,1,0,
15,1,23,1,31,0,0,1,0,
15,1,24,2,37.65,120,1,0,0,
15,1,25,2,38.15,120,1,0,0,
15,1,26,NA,39.41,90,0,0,1,
15,1,27,1,29.5,60,1,0,0,
15,1,28,1,33.22,90,1,0,0,
15,1,29,2,37,30,1,0,0,
15,1,30,3,35.71,120,1,0,0,
15,1,31,1,29.5,90,1,0,0,
15,1,32,2,37.08,60,1,0,0,
15,1,33,1,32,90,1,0,0,
15,1,34,3,38.87,90,1,0,0,
15,1,35,1,31,90,1,0,0,
15,1,36,NA,34.55,90,0,0,1,
15,1,37,1,29.5,60,1,0,0,
15,1,38,1,30.97,0,1,0,0,
15,1,39,1,31.5,120,1,0,0,
15,1,40,1,32.97,0,1,0,0,
15,1,41,1,30,90,1,0,0,
15,1,42,1,30.75,120,1,0,0,
15,1,43,NA,32.46,120,0,0,1,
15,1,44,1,28.5,60,1,0,0,
15,1,45,NA,30.09,60,0,0,1,
15,1,46,1,31.5,0,1,0,0,
15,1,47,NA,NA,90,0,0,1,
15,1,48,NA,NA,0,0,0,1,
15,1,49,NA,30,60,0,0,1,
15,2,50,1,33.88,30,0,1,0,
15,2,51,2,33.43,120,0,1,0,
15,2,52,2,35.11,60,0,1,0,
15,2,53,2,34,30,0,1,0,
15,2,54,2,34.6,30,0,1,0,
15,2,55,1,30.5,60,0,1,0,
15,2,56,1,31.66,0,0,1,0,
15,2,57,1,33.13,0,0,1,0,
15,2,58,3,37,30,0,1,0,
15,2,59,1,30.61,60,0,1,0,
15,2,60,2,34.5,0,0,1,0,
15,2,61,1,32,60,0,1,0,
15,2,62,1,29.5,60,0,1,0,
15,2,63,1,30.46,60,0,1,0,
15,2,64,2,35,0,0,1,0,
15,2,65,2,39.39,120,1,0,0,
15,2,66,2,40.41,30,1,0,0,
15,2,67,1,30.5,60,1,0,0,
15,2,68,3,39.97,90,1,0,0,
15,2,69,1,32,90,1,0,0,
15,2,70,1,33.53,120,1,0,0,
15,2,71,2,34,120,1,0,0,
15,2,72,2,37.93,30,1,0,0,
15,2,73,1,33.26,60,1,0,0,
15,2,74,NA,34,120,1,0,0,
15,2,75,3,36.86,120,1,0,0,
15,2,76,1,32,90,1,0,0,
15,2,77,1,31.9,30,1,0,0,
15,2,78,2,35,120,1,0,0,
15,2,79,3,42.48,120,0,0,1,
15,2,80,1,33,90,1,0,0,
15,2,81,1,29.22,120,1,0,0,
15,2,82,1,32,120,1,0,0,
15,2,83,3,41.53,60,1,0,0,
15,2,84,1,32,120,1,0,0,
15,2,85,1,30.93,30,1,0,0,
15,2,86,1,29,90,1,0,0,
15,2,87,1,29.69,60,1,0,0,
15,2,88,NA,35,30,1,0,0,
15,2,89,2,34.92,30,1,0,0,
15,2,90,NA,31.5,120,0,0,1,
15,2,91,2,34.92,120,1,0,0,
15,2,92,NA,31.5,120,0,0,1,
15,2,93,NA,NA,120,0,0,1,
15,2,94,1,29,120,0,1,0,
15,2,95,NA,NA,60,0,0,1,
15,2,96,NA,NA,60,0,0,1,
15,2,97,1,27,60,1,0,0,
15,2,98,1,30.14,90,0,0,1,
15,2,99,NA,30.5,30,0,0,1,
15,2,100,NA,32.48,120,0,0,1,
15,2,101,NA,31,30,0,0,1,
15,2,102,NA,29.41,90,0,0,1,
15,2,103,NA,30.5,60,0,0,1,
15,3,104,3,41.5,0,0,1,0,
15,3,105,1,34.27,30,0,1,0,
15,3,106,1,32,NA,0,1,0,
15,3,107,2,38.21,30,0,1,0,
15,3,108,1,30.5,90,0,1,0,
15,3,109,2,38.93,0,0,1,0,
15,3,110,1,32,0,0,1,0,
15,3,111,3,37.5,30,0,1,0,
15,3,112,1,28.22,0,0,1,0,
15,3,113,1,30.5,60,0,1,0,
15,3,114,1,28,0,0,1,0,
15,3,115,2,34.25,0,0,1,0,
15,3,116,1,33,30,0,1,0,
15,3,117,1,35.55,60,0,1,0,
15,3,118,1,30.5,0,0,1,0,
15,3,119,1,32.82,60,0,1,0,
15,3,120,1,30,60,0,1,0,
15,3,121,1,31,90,0,1,0,
15,3,122,1,30.99,60,0,1,0,
15,3,123,1,32,60,0,1,0,
15,3,124,3,38.25,120,1,0,0,
15,3,125,3,39.19,90,1,0,0,
15,3,126,2,33.77,120,1,0,0,
15,3,127,1,32.5,90,1,0,0,
15,3,128,1,32.42,60,1,0,0,
15,3,129,3,39,90,1,0,0,
15,3,130,2,36.02,120,1,0,0,
15,3,131,1,28,60,1,0,0,
15,3,132,1,31.5,60,1,0,0,
15,3,133,1,31,120,0,0,1,
15,3,134,1,29.47,90,0,0,1,
15,3,135,NA,30.5,60,0,0,1,
15,3,136,NA,NA,30,0,0,1,
15,3,137,NA,NA,0,0,0,1,
15,3,138,NA,36,90,0,0,1,
15,3,139,NA,NA,90,0,0,1,
15,3,140,NA,NA,120,0,0,1,
15,3,141,NA,NA,120,0,0,1,
15,3,142,NA,NA,120,0,0,1,
15,4,143,3,39.5,120,0,1,0,
15,4,144,1,31.58,0,0,1,0,
15,4,145,1,34,30,0,1,0,
15,4,146,2,39.04,60,0,1,0,
15,4,147,3,39,0,0,1,0,
15,4,148,1,31.39,30,0,1,0,
15,4,149,3,40.5,0,0,1,0,
15,4,150,2,37.5,60,0,1,0,
15,4,151,1,33.31,30,0,1,0,
15,4,152,3,39,0,0,1,0,
15,4,153,1,35.22,0,0,1,0,
15,4,154,2,37,30,0,1,0,
15,4,155,3,36.73,0,0,1,0,
15,4,156,1,31,0,0,1,0,
15,4,157,3,40.93,60,0,1,0,
15,4,158,1,30,30,0,1,0,
15,4,159,1,29.59,120,0,1,0,
15,4,160,1,30.5,0,0,1,0,
15,4,161,3,38.38,60,0,1,0,
15,4,162,1,34.5,0,0,1,0,
15,4,163,1,29.91,60,0,1,0,
15,4,164,1,31.5,0,0,1,0,
15,4,165,1,32,0,0,1,0,
15,4,166,1,31.67,0,1,0,0,
15,4,167,1,32.5,90,0,1,0,
15,4,168,2,38.03,90,1,0,0,
15,4,169,1,32.45,0,1,0,0,
15,4,170,2,37.7,120,1,0,0,
15,4,171,3,37.61,120,0,0,1,
15,4,172,2,36,120,1,0,0,
15,4,173,1,32.2,90,1,0,0,
15,4,174,3,40.5,90,1,0,0,
15,4,175,1,31.1,60,1,0,0,
15,4,176,3,39,90,1,0,0,
15,4,177,1,33.32,120,1,0,0,
15,4,178,2,33,60,1,0,0,
15,4,179,1,33.91,90,1,0,0,
15,4,180,2,38,60,1,0,0,
15,4,181,1,31.45,90,1,0,0,
15,4,182,3,37.5,30,0,0,1,
15,4,183,3,40.24,120,1,0,0,
15,4,184,1,31.5,90,1,0,0,
15,4,185,NA,33.56,30,1,0,0,
15,4,186,2,34.5,120,1,0,0,
15,4,187,NA,32.16,120,0,0,1,
15,4,188,1,33,90,1,0,0,
15,4,189,NA,NA,NA,0,0,1,
15,4,190,NA,NA,120,0,0,1,
15,4,191,NA,NA,90,0,0,1,
15,4,192,NA,NA,30,0,0,1,
15,5,193,3,40,30,0,1,0,
15,5,194,1,30.5,30,0,1,0,
15,5,195,3,40.65,0,0,1,0,
15,5,196,1,32,30,0,1,0,
15,5,197,3,40.03,30,0,1,0,
15,5,198,1,31.5,0,0,1,0,
15,5,199,3,36.65,30,0,1,0,
15,5,200,1,31.5,0,0,1,0,
15,5,201,1,35.95,0,0,1,0,
15,5,202,2,35,30,0,1,0,
15,5,203,1,30.66,30,0,1,0,
15,5,204,3,40.5,0,0,1,0,
15,5,205,2,35.5,30,0,1,0,
15,5,206,1,30.19,0,0,1,0,
15,5,207,2,36.5,0,0,1,0,
15,5,208,1,33.76,0,0,1,0,
15,5,209,1,31,0,0,1,0,
15,5,210,1,32.27,90,0,1,0,
15,5,211,1,30,30,0,1,0,
15,5,212,1,30.49,30,0,1,0,
15,5,213,1,30,30,0,1,0,
15,5,214,1,31.12,30,0,1,0,
15,5,215,1,32,60,0,1,0,
15,5,216,1,30.36,30,0,1,0,
15,5,217,1,28,0,0,1,0,
15,5,218,1,33.11,120,1,0,0,
15,5,219,1,34.07,90,1,0,0,
15,5,220,3,46,90,1,0,0,
15,5,221,3,37.5,120,1,0,0,
15,5,222,3,39.81,90,1,0,0,
15,5,223,1,32,60,1,0,0,
15,5,224,3,38.56,30,1,0,0,
15,5,225,3,38,120,1,0,0,
15,5,226,2,35.52,60,1,0,0,
15,5,227,1,31,0,1,0,0,
15,5,228,1,33.89,60,1,0,0,
15,5,229,1,33,60,1,0,0,
15,5,230,NA,38.2,60,0,0,1,
15,5,231,1,31.5,60,1,0,0,
15,5,232,1,31.31,120,1,0,0,
15,5,233,3,36,90,1,0,0,
15,5,234,NA,35.11,90,1,0,0,
15,5,235,1,30.5,90,1,0,0,
15,5,236,1,32.33,30,1,0,0,
15,5,237,1,31.5,0,1,0,0,
15,5,238,1,32.25,30,1,0,0,
15,5,239,2,36,120,1,0,0,
15,5,240,NA,NA,60,0,0,1,
15,5,241,NA,NA,60,0,0,1,
15,5,242,NA,NA,120,0,0,1,
15,6,243,3,38,30,0,0,1,
15,6,244,1,32.3,30,0,0,1,
15,6,245,2,36,0,0,0,1,
15,6,246,1,31.34,90,0,0,1,
15,6,247,2,37,30,0,0,1,
15,6,248,2,36,60,0,0,1,
15,6,249,1,33.32,0,0,0,1,
15,6,250,1,32,60,0,0,1,
15,6,251,1,31.93,90,0,0,1,
15,6,252,1,31,0,0,0,1,
15,6,253,2,35.5,30,0,0,1,
15,6,254,1,32.08,0,0,0,1,
15,6,255,3,39,30,0,0,1,
15,6,256,1,31,0,0,0,1,
15,6,257,1,32.5,0,0,0,1,
15,6,258,3,38.19,30,0,0,1,
15,6,259,3,40,30,0,0,1,
15,6,260,1,33.64,30,0,0,1,
15,6,261,1,31,30,0,0,1,
15,6,262,1,33,NA,0,0,1,
15,6,263,2,37.51,30,0,0,1,
15,6,264,2,37.5,0,0,0,1,
15,6,265,3,34.72,60,0,0,1,
15,6,266,1,31,0,0,0,1,
15,6,267,1,29.28,30,0,0,1,
15,6,268,1,28.5,90,0,0,1,
15,6,269,1,30.64,0,0,0,1,
15,6,270,1,32,0,0,0,1,
15,6,271,1,32.92,0,0,0,1,
15,6,272,1,34,0,0,0,1,
15,6,273,1,33.91,0,0,0,1,
15,6,274,1,31.76,30,0,0,1,
15,6,275,2,35,60,0,0,1,
15,6,276,3,42.7,30,1,0,0,
15,6,277,3,37.99,120,1,0,0,
15,6,278,2,35,90,1,0,0,
15,6,279,1,30.38,60,1,0,0,
15,6,280,2,38.06,90,1,0,0,
15,6,281,2,37,90,1,0,0,
15,6,282,3,37.5,90,1,0,0,
15,6,283,1,33.24,120,1,0,0,
15,6,284,1,32.63,60,1,0,0,
15,6,285,NA,31,120,0,0,1,
15,6,286,1,30,120,1,0,0,
15,6,287,3,41.53,120,0,0,1,
15,6,288,3,42,60,1,0,0,
15,6,289,1,33.03,120,1,0,0,
15,6,290,3,37,90,1,0,0,
15,6,291,NA,39.59,120,0,0,1,
15,6,292,NA,NA,120,0,0,1,
15,6,293,NA,39,120,0,0,1,
15,6,294,NA,32.53,120,0,0,1,
15,6,295,NA,NA,90,0,0,1,
20,1,1,3,42.72,30,0,1,0,
20,1,2,2,38,60,0,1,0,
20,1,3,3,45.57,60,0,1,0,
20,1,4,1,33,60,0,1,0,
20,1,5,1,31.27,30,0,1,0,
20,1,6,2,39.67,0,0,1,0,
20,1,7,3,40,0,0,1,0,
20,1,8,2,37.14,0,0,1,0,
20,1,9,1,32.5,30,0,1,0,
20,1,10,2,41.72,30,0,1,0,
20,1,11,3,38.5,120,0,1,0,
20,1,12,2,42.13,30,0,1,0,
20,1,13,1,33.5,0,0,1,0,
20,1,14,1,34.92,0,0,1,0,
20,1,15,1,31.01,0,0,1,0,
20,1,16,2,38,60,0,1,0,
20,1,17,2,37.96,30,0,1,0,
20,1,18,1,31.5,30,0,1,0,
20,1,19,1,32.69,30,0,1,0,
20,1,20,1,33,0,0,1,0,
20,1,21,3,38.33,0,0,1,0,
20,1,22,1,32.5,30,0,1,0,
20,1,23,1,32.17,30,0,1,0,
20,1,24,1,32.5,0,0,1,0,
20,1,25,1,31.32,0,0,1,0,
20,1,26,1,33,30,0,1,0,
20,1,27,3,39,30,1,0,0,
20,1,28,2,37,120,1,0,0,
20,1,29,1,35,30,1,0,0,
20,1,30,3,38.5,90,1,0,0,
20,1,31,3,38.3,120,1,0,0,
20,1,32,2,39.19,120,1,0,0,
20,1,33,3,47.5,120,1,0,0,
20,1,34,3,37.67,120,1,0,0,
20,1,35,3,41,60,1,0,0,
20,1,36,1,33.77,30,1,0,0,
20,1,37,3,42,120,1,0,0,
20,1,38,3,43.4,120,1,0,0,
20,1,39,3,46,120,1,0,0,
20,1,40,3,40.69,120,1,0,0,
20,1,41,1,32,90,1,0,0,
20,1,42,3,42.56,NA,1,0,0,
20,1,43,1,30.5,90,1,0,0,
20,1,44,3,40.59,90,0,0,1,
20,1,45,1,35.5,90,1,0,0,
20,1,46,1,29.62,90,1,0,0,
20,1,47,2,39.5,90,1,0,0,
20,1,48,3,39.61,120,1,0,0,
20,1,49,1,32,0,1,0,0,
20,1,50,1,34.37,30,1,0,0,
20,1,51,1,30.3,60,1,0,0,
20,1,52,1,31,90,0,0,1,
20,1,53,1,32.5,120,1,0,0,
20,1,54,1,32.78,30,1,0,0,
20,1,55,3,40.5,120,1,0,0,
20,1,56,2,41,60,1,0,0,
20,1,57,1,32.5,60,1,0,0,
20,1,58,1,30.96,30,1,0,0,
20,1,59,1,33,90,1,0,0,
20,1,60,NA,39.62,90,0,0,1,
20,1,61,NA,39.5,120,0,0,1,
20,1,62,1,25.44,90,1,0,0,
20,1,63,3,39,90,0,0,1,
20,2,64,1,32.5,30,0,1,0,
20,2,65,1,31.78,30,0,1,0,
20,2,66,1,31,0,0,1,0,
20,2,67,1,30.66,0,0,1,0,
20,2,68,1,32,30,0,1,0,
20,2,69,1,31.14,30,0,1,0,
20,2,70,3,45.02,0,0,1,0,
20,2,71,3,37.5,30,0,1,0,
20,2,72,3,46.94,0,0,1,0,
20,2,73,1,31.5,30,0,1,0,
20,2,74,1,31.66,0,0,1,0,
20,2,75,3,43.02,30,0,1,0,
20,2,76,3,40,0,0,1,0,
20,2,77,3,41.02,0,0,1,0,
20,2,78,1,33,0,0,1,0,
20,2,79,3,40.52,0,0,1,0,
20,2,80,1,21.5,0,0,1,0,
20,2,81,3,43.37,0,0,1,0,
20,2,82,3,42.5,30,1,0,0,
20,2,83,3,39.5,90,1,0,0,
20,2,84,1,33.5,120,1,0,0,
20,2,85,3,43,90,1,0,0,
20,2,86,3,37.1,60,1,0,0,
20,2,87,2,41.5,90,1,0,0,
20,2,88,3,40.74,60,1,0,0,
20,2,89,3,42.5,60,1,0,0,
20,2,90,1,34.95,90,1,0,0,
20,2,91,2,32.5,120,1,0,0,
20,2,92,1,32.58,30,1,0,0,
20,2,93,2,35,120,1,0,0,
20,2,94,3,35.41,60,1,0,0,
20,2,95,1,32.5,30,1,0,0,
20,2,96,3,44.6,90,1,0,0,
20,2,97,2,41,30,1,0,0,
20,2,98,2,39.42,90,1,0,0,
20,2,99,2,40.5,90,1,0,0,
20,2,100,3,39.72,60,1,0,0,
20,2,101,1,33,120,1,0,0,
20,2,102,1,32.8,120,1,0,0,
20,2,103,2,36.7,90,1,0,0,
20,2,104,1,30.5,30,1,0,0,
20,2,105,3,38.33,90,1,0,0,
20,2,106,1,30,60,1,0,0,
20,2,107,3,41.54,30,1,0,0,
20,2,108,1,31,60,1,0,0,
20,2,109,1,32.41,60,1,0,0,
20,2,110,1,31.87,90,1,0,0,
20,2,111,2,38,90,1,0,0,
20,2,112,1,29.77,90,1,0,0,
20,2,113,1,30.5,NA,1,0,0,
20,2,114,3,39.23,60,1,0,0,
20,2,115,NA,31,120,0,0,1,
20,2,116,NA,31.57,60,0,0,1,
20,2,117,1,31.5,120,1,0,0,
20,2,118,NA,30.87,0,0,0,1,
20,2,119,NA,NA,30,0,0,1,
20,2,120,NA,NA,30,0,0,1,
20,3,121,3,45.2,0,0,1,0,
20,3,122,3,42.5,0,0,1,0,
20,3,123,1,34.03,0,0,1,0,
20,3,124,2,36.5,0,0,1,0,
20,3,125,3,40.77,30,0,1,0,
20,3,126,3,41.95,0,0,1,0,
20,3,127,1,34.5,0,0,1,0,
20,3,128,2,40.3,30,0,1,0,
20,3,129,2,40.03,0,0,1,0,
20,3,130,2,38.5,0,0,1,0,
20,3,131,3,42.15,0,0,1,0,
20,3,132,2,39.5,0,0,1,0,
20,3,133,1,33.39,0,0,1,0,
20,3,134,1,34,30,0,1,0,
20,3,135,3,44.25,0,0,1,0,
20,3,136,2,36.38,60,0,1,0,
20,3,137,3,40.5,90,0,1,0,
20,3,138,1,33.5,30,0,1,0,
20,3,139,1,31.76,30,0,1,0,
20,3,140,1,29.5,0,0,1,0,
20,3,141,2,41.15,30,0,1,0,
20,3,142,1,32,30,0,1,0,
20,3,143,2,39,NA,1,0,0,
20,3,144,2,37.5,120,1,0,0,
20,3,145,1,30,90,1,0,0,
20,3,146,1,35,60,1,0,0,
20,3,147,2,41.74,60,1,0,0,
20,3,148,1,31,60,1,0,0,
20,3,149,2,38.19,60,1,0,0,
20,3,150,1,30.5,60,1,0,0,
20,3,151,3,41,120,1,0,0,
20,3,152,1,34.5,60,1,0,0,
20,3,153,1,31.14,120,1,0,0,
20,3,154,3,39,90,1,0,0,
20,3,155,1,33.5,60,1,0,0,
20,3,156,1,32.07,0,1,0,0,
20,3,157,1,31.47,0,1,0,0,
20,3,158,1,29.5,120,1,0,0,
20,3,159,2,34.83,60,1,0,0,
20,3,160,1,32,NA,1,0,0,
20,3,161,3,40.54,120,1,0,0,
20,3,162,1,39,NA,1,0,0,
20,3,163,1,30.25,30,1,0,0,
20,3,164,1,28,30,1,0,0,
20,3,165,1,31.29,120,1,0,0,
20,3,166,1,30.05,90,1,0,0,
20,3,167,1,29,30,1,0,0,
20,3,168,1,34.06,90,1,0,0,
20,3,169,2,40,60,1,0,0,
20,3,170,2,37.55,120,1,0,0,
20,3,171,1,30.5,60,1,0,0,
20,3,172,3,43.17,90,1,0,0,
20,3,173,2,41,60,1,0,0,
20,3,174,3,40.56,60,1,0,0,
20,3,175,1,32,30,1,0,0,
20,3,176,1,34,60,1,0,0,
20,3,177,3,36.33,120,1,0,0,
20,3,178,1,31,90,1,0,0,
20,3,179,1,30.01,120,1,0,0,
20,3,180,1,32,60,1,0,0,
20,4,181,3,43,NA,0,1,0,
20,4,182,3,38.37,0,0,1,0,
20,4,183,3,40.19,0,0,1,0,
20,4,184,2,39,0,0,1,0,
20,4,185,2,37.11,0,0,1,0,
20,4,186,2,39,30,0,1,0,
20,4,187,3,36.87,0,0,1,0,
20,4,188,2,39,60,0,1,0,
20,4,189,2,41.45,0,0,1,0,
20,4,190,1,32.95,0,0,1,0,
20,4,191,3,48,60,0,1,0,
20,4,192,1,31.53,0,0,1,0,
20,4,193,3,39.45,30,0,1,0,
20,4,194,2,39,0,0,1,0,
20,4,195,1,33.81,0,0,1,0,
20,4,196,1,33.5,60,0,1,0,
20,4,197,3,41.78,30,0,1,0,
20,4,198,3,40.9,0,0,1,0,
20,4,199,1,32,30,0,1,0,
20,4,200,1,32,0,1,0,0,
20,4,201,1,28.96,60,0,1,0,
20,4,202,3,41,120,1,0,0,
20,4,203,1,31.36,30,1,0,0,
20,4,204,3,40,120,1,0,0,
20,4,205,3,40,120,1,0,0,
20,4,206,3,45.3,90,1,0,0,
20,4,207,1,31,0,1,0,0,
20,4,208,1,35.5,0,1,0,0,
20,4,209,3,45.51,120,1,0,0,
20,4,210,3,41.8,120,1,0,0,
20,4,211,1,32,120,1,0,0,
20,4,212,2,38.11,90,1,0,0,
20,4,213,1,30,120,1,0,0,
20,4,214,1,29.62,0,1,0,0,
20,4,215,1,31,60,1,0,0,
20,4,216,1,30.87,90,1,0,0,
20,4,217,1,28.51,90,1,0,0,
20,4,218,3,39.5,NA,1,0,0,
20,4,219,1,33.72,90,1,0,0,
20,4,220,NA,31.5,90,1,0,0,
20,4,221,3,43.87,120,1,0,0,
20,4,222,1,31,120,1,0,0,
20,4,223,1,33.89,90,1,0,0,
20,4,224,1,33.5,30,1,0,0,
20,4,225,1,34.8,120,1,0,0,
20,4,226,NA,40,NA,1,0,0,
20,4,227,1,33.2,120,1,0,0,
20,5,228,1,33,30,0,1,0,
20,5,229,1,31.66,0,0,1,0,
20,5,230,1,31,30,0,1,0,
20,5,231,1,31.84,30,0,1,0,
20,5,232,3,37.45,0,0,1,0,
20,5,233,3,43,0,0,1,0,
20,5,234,1,30.81,0,0,1,0,
20,5,235,1,31,0,0,1,0,
20,5,236,3,38.25,30,0,1,0,
20,5,237,1,33.57,30,0,1,0,
20,5,238,1,32.41,60,0,1,0,
20,5,239,3,41,60,0,1,0,
20,5,240,2,36.5,90,1,0,0,
20,5,241,3,46.3,30,1,0,0,
20,5,242,3,44.18,90,1,0,0,
20,5,243,3,41,60,1,0,0,
20,5,244,1,32.31,120,1,0,0,
20,5,245,3,44.5,120,1,0,0,
20,5,246,2,38.29,120,1,0,0,
20,5,247,3,40.5,90,1,0,0,
20,5,248,3,43.65,60,1,0,0,
20,5,249,3,40,120,1,0,0,
20,5,250,2,40.96,60,1,0,0,
20,5,251,1,32,90,1,0,0,
20,5,252,1,31.82,120,1,0,0,
20,5,253,3,37.5,90,1,0,0,
20,5,254,1,33.14,120,1,0,0,
20,5,255,1,31.5,120,1,0,0,
20,5,256,1,32.11,0,1,0,0,
20,5,257,1,33,30,1,0,0,
20,5,258,3,39.27,60,1,0,0,
20,5,259,1,33,90,1,0,0,
20,5,260,1,33.64,120,1,0,0,
20,5,261,1,31,60,1,0,0,
20,5,262,1,33.49,120,1,0,0,
20,5,263,1,35,60,1,0,0,
20,5,264,3,42.07,30,1,0,0,
20,5,265,3,45,30,1,0,0,
20,5,266,3,46.01,60,1,0,0,
20,5,267,1,33,60,1,0,0,
20,5,268,3,41.22,120,1,0,0,
20,5,269,NA,36,60,1,0,0,
20,5,270,1,31.11,90,1,0,0,
20,5,271,2,36,120,1,0,0,
20,5,272,3,43.58,90,1,0,0,
20,5,273,1,30,120,1,0,0,
20,5,274,1,31.5,0,1,0,0,
20,5,275,1,31,90,1,0,0,
20,5,276,3,42.92,120,1,0,0,
20,5,277,1,30,60,1,0,0,
20,5,278,3,47.09,120,1,0,0,
20,5,279,1,29.5,30,1,0,0,
20,5,280,1,32.29,60,1,0,0,
20,5,281,1,33,90,1,0,0,
20,5,282,3,39.5,60,1,0,0,
20,5,283,1,30.88,90,1,0,0,
20,5,284,1,35,90,1,0,0,
20,5,285,1,30.72,30,1,0,0,
20,5,286,1,33,60,1,0,0,
20,6,287,1,32,0,0,1,0,
20,6,288,1,30.46,30,0,1,0,
20,6,289,3,40.5,0,0,1,0,
20,6,290,3,38.57,30,1,0,0,
20,6,291,1,30,0,0,1,0,
20,6,292,2,37.58,NA,0,1,0,
20,6,293,3,41.69,90,0,1,0,
20,6,294,1,33.5,30,0,1,0,
20,6,295,1,31.15,0,0,1,0,
20,6,296,3,40,30,0,1,0,
20,6,297,1,35.5,60,0,1,0,
20,6,298,3,42.5,30,0,1,0,
20,6,299,3,40.81,30,0,1,0,
20,6,300,1,30.5,30,0,1,0,
20,6,301,1,31.94,0,0,1,0,
20,6,302,3,44.5,120,1,0,0,
20,6,303,1,33,0,1,0,0,
20,6,304,1,34,0,1,0,0,
20,6,305,3,39.31,30,1,0,0,
20,6,306,3,40.5,120,1,0,0,
20,6,307,3,41.16,120,1,0,0,
20,6,308,1,32,60,1,0,0,
20,6,309,1,32.5,90,1,0,0,
20,6,310,3,37.24,90,1,0,0,
20,6,311,1,30.5,120,1,0,0,
20,6,312,3,43.04,90,1,0,0,
20,6,313,3,40.5,120,1,0,0,
20,6,314,3,40.17,120,1,0,0,
20,6,315,3,40,90,1,0,0,
20,6,316,3,38.12,NA,1,0,0,
20,6,317,2,38,60,1,0,0,
20,6,318,2,37.85,120,1,0,0,
20,6,319,2,37,120,1,0,0,
20,6,320,1,32.63,60,1,0,0,
20,6,321,1,32.08,90,1,0,0,
20,6,322,1,35,120,1,0,0,
20,6,323,2,39.7,90,1,0,0,
20,6,324,3,41.6,90,1,0,0,
20,6,325,2,39,90,1,0,0,
20,6,326,3,37.08,90,1,0,0,
20,6,327,1,30.5,90,1,0,0,
20,6,328,3,40.73,60,1,0,0,
20,6,329,1,33,90,1,0,0,
20,6,330,1,31.28,60,1,0,0,
20,6,331,3,38,120,1,0,0,
20,6,332,1,32,90,1,0,0,
20,6,333,1,32,90,1,0,0,
20,6,334,1,38.2,120,1,0,0,
20,6,335,1,30.5,60,1,0,0,
20,6,336,3,47.34,90,1,0,0,
20,6,337,1,30,90,1,0,0,
20,6,338,1,39.48,120,1,0,0,
20,6,339,1,33,90,1,0,0,
20,6,340,1,34.12,90,1,0,0,
20,6,341,1,34,30,1,0,0,
20,6,342,1,32.74,30,1,0,0,
20,6,343,1,34,90,1,0,0,
20,6,344,1,30.49,0,1,0,0,
20,6,345,NA,NA,60,0,0,1,
17,1,1,1,37,0,0,1,0,
17,1,2,1,31.58,90,0,1,0,
17,1,3,1,28,0,0,1,0,
17,1,4,1,28.4,0,0,1,0,
17,1,5,1,32.5,0,0,1,0,
17,1,6,1,28.88,90,0,1,0,
17,1,7,1,31.5,90,0,1,0,
17,1,8,1,31.74,0,0,1,0,
17,1,9,1,28.5,90,0,1,0,
17,1,10,1,32.95,0,0,1,0,
17,1,11,3,38,0,0,1,0,
17,1,12,1,29.5,0,0,1,0,
17,1,13,1,33.83,30,0,1,0,
17,1,14,2,34,60,0,1,0,
17,1,15,1,31.02,0,0,1,0,
17,1,16,2,36.5,0,0,1,0,
17,1,17,1,31.5,30,0,1,0,
17,1,18,1,32.62,30,0,1,0,
17,1,19,1,29.5,0,0,1,0,
17,1,20,1,28.65,30,0,1,0,
17,1,21,1,34.52,60,1,0,0,
17,1,22,1,29.5,0,1,0,0,
17,1,23,3,42.5,120,1,0,0,
17,1,24,1,34.26,90,1,0,0,
17,1,25,3,39,90,1,0,0,
17,1,26,1,30.77,120,1,0,0,
17,1,27,1,30,30,1,0,0,
17,1,28,1,32.5,60,1,0,0,
17,1,29,3,40.63,NA,0,0,1,
17,1,30,NA,39,120,0,0,1,
17,1,31,NA,32,90,0,0,1,
17,1,32,1,27.55,90,0,0,1,
17,1,33,NA,31,30,0,0,1,
17,1,34,1,29.86,60,1,0,0,
17,1,35,NA,NA,120,0,0,1,
17,1,36,NA,NA,120,0,0,1,
17,1,37,NA,NA,120,0,0,1,
17,1,38,NA,NA,120,0,0,1,
17,1,39,NA,NA,120,0,0,1,
17,1,40,NA,NA,30,0,0,1,
17,1,41,NA,30.5,90,0,0,1,
17,1,42,NA,NA,90,0,0,1,
17,2,43,1,31.14,60,0,1,0,
17,2,44,1,30.49,90,0,1,0,
17,2,45,1,31.67,30,1,0,0,
17,2,46,3,40.5,0,1,0,0,
17,2,47,1,31.5,0,0,1,0,
17,2,48,2,37.61,30,0,1,0,
17,2,49,2,36,30,0,1,0,
17,2,50,1,29.5,0,0,1,0,
17,2,51,1,35.2,30,0,1,0,
17,2,52,2,37.5,0,0,1,0,
17,2,53,2,38.29,30,0,1,0,
17,2,54,1,30.5,30,0,1,0,
17,2,55,1,28.55,30,0,1,0,
17,2,56,1,30,30,0,1,0,
17,2,57,1,36.6,30,0,1,0,
17,2,58,1,32,0,0,1,0,
17,2,59,1,29.86,60,1,0,0,
17,2,60,1,32.02,90,1,0,0,
17,2,61,1,36.5,120,0,0,1,
17,2,62,1,31.63,0,0,1,0,
17,2,63,1,34.5,60,0,0,1,
17,2,64,1,34,60,0,0,1,
17,2,65,1,30.5,60,1,0,0,
17,2,66,1,30.61,120,1,0,0,
17,2,67,1,29.5,60,1,0,0,
17,2,68,1,32.27,120,1,0,0,
17,2,69,3,40,120,1,0,0,
17,2,70,1,30.57,30,0,0,1,
17,2,71,3,39.5,90,0,0,1,
17,2,72,1,31.35,120,0,0,1,
17,2,73,NA,39.5,60,0,0,1,
17,2,74,1,32.86,120,0,0,1,
17,2,75,1,32,120,1,0,0,
17,2,76,1,31.93,60,1,0,0,
17,2,77,NA,41.5,90,0,0,1,
17,2,78,NA,38.95,90,0,0,1,
17,2,79,NA,31.28,120,0,0,1,
17,2,80,NA,27,120,0,0,1,
17,2,81,NA,NA,120,0,0,1,
17,2,82,NA,NA,120,0,0,1,
17,2,83,NA,NA,NA,0,0,1,
17,2,84,NA,NA,30,0,0,1,
17,2,85,NA,NA,30,0,0,1,
17,3,86,1,33,0,0,1,0,
17,3,87,1,32.53,0,0,1,0,
17,3,88,1,33.5,60,0,1,0,
17,3,89,1,31.87,30,0,1,0,
17,3,90,1,26.5,0,0,1,0,
17,3,91,2,38.22,0,0,1,0,
17,3,92,2,34,0,0,1,0,
17,3,93,1,32.5,0,0,1,0,
17,3,94,3,41.72,0,0,1,0,
17,3,95,1,31,0,0,1,0,
17,3,96,1,31,30,0,1,0,
17,3,97,1,30.36,0,0,1,0,
17,3,98,1,30,0,0,1,0,
17,3,99,2,37.89,0,0,1,0,
17,3,100,1,32,0,0,1,0,
17,3,101,3,40,60,0,1,0,
17,3,102,1,30.32,60,0,1,0,
17,3,103,1,34.94,60,0,1,0,
17,3,104,1,30.59,0,0,1,0,
17,3,105,1,30.83,30,0,1,0,
17,3,106,1,23.19,0,0,1,0,
17,3,107,1,28.5,30,0,1,0,
17,3,108,1,29.74,60,0,1,0,
17,3,109,1,29.5,30,0,1,0,
17,3,110,1,31.41,30,0,1,0,
17,3,111,1,29,30,0,1,0,
17,3,112,1,30.51,0,0,1,0,
17,3,113,1,29.5,60,0,1,0,
17,3,114,1,29.71,30,1,0,0,
17,3,115,1,30.5,30,1,0,0,
17,3,116,1,32.15,60,1,0,0,
17,3,117,1,31,120,0,0,1,
17,3,118,1,29.74,120,1,0,0,
17,3,119,1,30.5,30,1,0,0,
17,3,120,NA,33.07,30,0,0,1,
17,3,121,NA,29,90,0,0,1,
17,3,122,1,29.63,30,1,0,0,
17,3,123,3,34.38,120,0,0,1,
17,3,124,1,29.5,120,1,0,0,
17,3,125,1,32.49,120,1,0,0,
17,3,126,1,30.5,90,0,0,1,
17,3,127,1,33.31,NA,1,0,0,
17,3,128,1,30,90,1,0,0,
17,3,129,1,31,120,1,0,0,
17,3,130,1,29.5,60,1,0,0,
17,3,131,1,31.61,120,0,0,1,
17,3,132,1,32.5,90,1,0,0,
17,3,133,1,31,120,1,0,0,
17,3,134,1,32.04,90,0,0,1,
17,3,135,1,29.5,NA,0,0,1,
17,3,136,1,31.88,120,0,0,1,
17,3,137,NA,NA,120,0,0,1,
17,3,138,1,28.49,90,0,0,1,
17,3,139,NA,27,30,0,0,1,
17,3,140,NA,30.5,120,0,0,1,
17,3,141,NA,31.43,120,0,0,1,
17,3,142,NA,34,120,0,0,1,
17,3,143,NA,NA,120,0,0,1,
17,3,144,NA,NA,120,0,0,1,
17,3,145,NA,31.79,NA,0,0,1,
17,3,146,NA,30,90,0,0,1,
17,3,147,NA,NA,NA,0,0,1,
17,3,148,NA,NA,30,0,0,1,
17,3,149,NA,NA,90,0,0,1,
17,4,150,1,31.5,30,0,1,0,
17,4,151,1,31.04,30,0,1,0,
17,4,152,1,32,30,0,1,0,
17,4,153,1,31.68,90,0,1,0,
17,4,154,1,33.5,30,0,1,0,
17,4,155,1,34.06,0,0,1,0,
17,4,156,2,38.5,0,0,1,0,
17,4,157,2,35.4,30,0,1,0,
17,4,158,3,38.5,60,1,0,0,
17,4,159,1,31.35,0,0,1,0,
17,4,160,3,39.5,NA,0,1,0,
17,4,161,3,37.58,0,0,1,0,
17,4,162,1,30.5,60,0,1,0,
17,4,163,1,29.5,60,0,1,0,
17,4,164,1,32.62,30,0,1,0,
17,4,165,1,28,0,0,1,0,
17,4,166,1,31.98,30,0,1,0,
17,4,167,1,27,0,0,1,0,
17,4,168,2,38.57,0,0,1,0,
17,4,169,1,31.5,30,0,1,0,
17,4,170,2,35.5,30,0,1,0,
17,4,171,1,30.42,0,0,1,0,
17,4,172,1,30,60,0,1,0,
17,4,173,1,29.01,90,0,1,0,
17,4,174,1,31.12,90,1,0,0,
17,4,175,3,38.01,90,1,0,0,
17,4,176,3,38.01,120,1,0,0,
17,4,177,3,42.91,60,1,0,0,
17,4,178,1,33.52,60,1,0,0,
17,4,179,1,35,120,1,0,0,
17,4,180,1,31.24,60,1,0,0,
17,4,181,3,39.5,90,1,0,0,
17,4,182,1,35.26,120,1,0,0,
17,4,183,1,32.5,90,0,0,1,
17,4,184,1,31.98,60,1,0,0,
17,4,185,NA,36,90,0,0,1,
17,4,186,NA,NA,120,0,0,1,
17,4,187,NA,36.84,120,0,0,1,
17,4,188,NA,34,90,0,0,1,
17,4,189,NA,NA,30,0,0,1,
17,4,190,1,30.47,NA,0,0,1,
17,4,191,NA,NA,90,0,0,1,
17,4,192,NA,30,30,0,0,1,
17,5,193,1,26.61,60,0,1,0,
17,5,194,1,34.5,0,0,1,0,
17,5,195,3,35.5,90,0,1,0,
17,5,196,3,39.64,0,0,1,0,
17,5,197,1,32.61,0,0,1,0,
17,5,198,1,28,90,0,1,0,
17,5,199,1,30.99,60,0,1,0,
17,5,200,3,38.5,0,0,1,0,
17,5,201,1,28.19,0,0,1,0,
17,5,202,1,29.5,60,0,1,0,
17,5,203,1,32.32,30,0,1,0,
17,5,204,1,32.5,0,0,1,0,
17,5,205,1,32.25,0,0,1,0,
17,5,206,1,32,0,0,1,0,
17,5,207,1,33.15,60,0,1,0,
17,5,208,3,40,0,0,1,0,
17,5,209,1,30,0,0,1,0,
17,5,210,1,31.37,30,0,1,0,
17,5,211,1,29.5,0,0,1,0,
17,5,212,1,31.23,60,0,1,0,
17,5,213,1,30.5,30,0,1,0,
17,5,214,2,36.71,30,0,1,0,
17,5,215,1,33,30,0,1,0,
17,5,216,3,41.39,90,1,0,0,
17,5,217,3,41.94,NA,1,0,0,
17,5,218,1,33.67,30,1,0,0,
17,5,219,1,28.93,90,1,0,0,
17,5,220,1,32.5,90,1,0,0,
17,5,221,1,29.81,90,1,0,0,
17,5,222,NA,30.5,30,0,0,1,
17,5,223,1,30.84,90,1,0,0,
17,5,224,1,30.5,60,1,0,0,
17,5,225,NA,32,120,0,0,1,
17,5,226,1,31.61,90,0,0,1,
17,5,227,NA,40.5,120,0,0,1,
17,5,228,NA,31.62,60,0,0,1,
17,5,229,NA,NA,120,0,0,1,
17,5,230,NA,NA,120,0,0,1,
17,5,231,NA,NA,90,0,0,1,
17,6,232,1,32,90,0,1,0,
17,6,233,3,37.83,30,0,1,0,
17,6,234,3,38.5,0,0,1,0,
17,6,235,1,30.94,0,0,1,0,
17,6,236,2,37,60,0,1,0,
17,6,237,1,29.87,30,0,1,0,
17,6,238,1,32,60,0,1,0,
17,6,239,1,30.05,0,0,1,0,
17,6,240,1,32,0,0,1,0,
17,6,241,3,41.5,60,0,1,0,
17,6,242,1,31.29,60,0,1,0,
17,6,243,3,38,60,0,1,0,
17,6,244,1,32,0,0,1,0,
17,6,245,3,40.64,60,0,1,0,
17,6,246,1,35.5,NA,0,1,0,
17,6,247,3,39.84,60,0,1,0,
17,6,248,1,29.5,60,0,1,0,
17,6,249,1,32.48,0,0,1,0,
17,6,250,1,32.5,30,0,1,0,
17,6,251,1,29.5,90,0,1,0,
17,6,252,1,32.48,0,0,1,0,
17,6,253,1,32.5,30,0,1,0,
17,6,254,1,29.5,90,0,1,0,
17,6,255,1,29.64,0,0,1,0,
17,6,256,3,38.07,60,1,0,0,
17,6,257,NA,34.55,60,0,0,1,
17,6,258,3,44.54,120,0,0,1,
17,6,259,3,37.5,60,0,0,1,
17,6,260,1,31.5,120,1,0,0,
17,6,261,3,40.61,60,0,0,1,
17,6,262,1,37.44,120,0,0,1,
17,6,263,2,34,120,1,0,0,
17,6,264,NA,36.69,120,0,0,1,
17,6,265,NA,33,120,0,0,1,
17,6,266,NA,NA,30,0,0,1,
17,6,267,NA,32.38,120,0,0,1,
17,6,268,NA,NA,90,0,0,1,
17,6,269,NA,NA,60,0,0,1,
17,6,270,1,30.27,90,0,0,1,
17,6,271,1,30.5,90,0,0,1,
17,6,272,NA,30.97,NA,0,0,1,
21,1,1,2,37,30,0,1,0,
21,1,2,3,43.19,0,0,1,0,
21,1,3,1,32,0,0,1,0,
21,1,4,2,34.94,30,0,1,0,
21,1,5,2,37.5,0,0,1,0,
21,1,6,2,39.5,30,0,1,0,
21,1,7,3,40,0,0,1,0,
21,1,8,3,41.26,0,0,1,0,
21,1,9,1,33.31,90,1,0,0,
21,1,10,NA,30.28,30,1,0,0,
21,1,11,3,37.83,60,1,0,0,
21,1,12,3,41.05,90,1,0,0,
21,1,13,2,36.28,90,1,0,0,
21,1,14,2,38.19,90,1,0,0,
21,1,15,3,39.78,60,1,0,0,
21,1,16,3,40,60,1,0,0,
21,1,17,NA,32.28,60,0,0,1,
21,1,18,2,42,30,1,0,0,
21,1,19,2,37.37,90,1,0,0,
21,1,20,1,30.17,90,1,0,0,
21,1,21,3,36,60,1,0,0,
21,1,22,3,41.3,30,1,0,0,
21,1,23,1,34.5,30,1,0,0,
21,1,24,1,35.63,90,1,0,0,
21,1,25,NA,25,60,0,0,0,
21,2,26,3,40.48,0,0,1,0,
21,2,27,3,39,NA,0,1,0,
21,2,28,1,35.04,0,0,1,0,
21,2,29,1,28,0,0,1,0,
21,2,30,2,34.71,0,0,1,0,
21,2,31,3,39.5,30,0,1,0,
21,2,32,3,35.93,30,1,0,0,
21,2,33,3,37,0,1,0,0,
21,2,34,1,31.91,60,1,0,0,
21,2,35,3,39.5,30,1,0,0,
21,2,36,3,40.68,90,1,0,0,
21,2,37,2,36.5,60,1,0,0,
21,2,38,1,35.04,0,1,0,0,
21,2,39,3,38.5,60,1,0,0,
21,2,40,3,41.78,90,1,0,0,
21,2,41,2,38,90,1,0,0,
21,2,42,1,32.91,30,1,0,0,
21,2,43,2,36,60,1,0,0,
21,2,44,2,38.01,60,1,0,0,
21,2,45,1,34,0,1,0,0,
21,2,46,1,30.77,30,1,0,0,
21,2,47,3,39,60,1,0,0,
21,2,48,1,33.23,60,1,0,0,
21,2,49,3,37,30,1,0,0,
21,2,50,3,37.68,90,1,0,0,
21,2,51,3,38.5,90,1,0,0,
21,2,52,3,41.68,30,1,0,0,
21,2,53,NA,NA,60,0,0,1,
21,2,54,2,39.5,90,1,0,0,
21,3,55,2,33.69,0,0,1,0,
21,3,56,3,40,0,0,1,0,
21,3,57,1,29.69,0,0,1,0,
21,3,58,1,30.5,30,0,1,0,
21,3,59,3,37.09,60,0,1,0,
21,3,60,2,40,0,0,1,0,
21,3,61,1,30.55,30,0,1,0,
21,3,62,3,39.5,0,0,1,0,
21,3,63,2,42.78,0,0,1,0,
21,3,64,3,40,0,0,1,0,
21,3,65,2,39.64,30,0,1,0,
21,3,66,2,34,30,0,1,0,
21,3,67,3,39,60,1,0,0,
21,3,68,2,38.94,30,1,0,0,
21,3,69,1,31,30,1,0,0,
21,3,70,3,39.6,30,1,0,0,
21,3,71,1,32,0,1,0,0,
21,3,72,3,40.43,90,1,0,0,
21,3,73,1,29.5,60,1,0,0,
21,3,74,3,38.13,90,1,0,0,
21,3,75,1,32,60,1,0,0,
21,3,76,1,29.05,90,1,0,0,
21,3,77,3,40,90,1,0,0,
21,3,78,1,29.64,90,0,0,1,
21,3,79,1,30,90,0,0,1,
21,3,80,2,36.6,60,1,0,0,
21,3,81,2,35,90,1,0,0,
21,3,82,1,33.07,90,1,0,0,
21,3,83,1,30,90,1,0,0,
21,3,84,2,38.71,60,1,0,0,
21,3,85,1,31.5,30,1,0,0,
21,3,86,2,37.24,30,1,0,0,
21,3,87,1,30.5,90,1,0,0,
21,4,88,2,34.34,0,0,1,0,
21,4,89,3,42,0,0,1,0,
21,4,90,3,43.62,30,0,1,0,
21,4,91,3,44,0,0,1,0,
21,4,92,1,25.71,0,0,1,0,
21,4,93,3,39,30,0,1,0,
21,4,94,3,41.2,30,0,1,0,
21,4,95,1,30.5,0,0,1,0,
21,4,96,3,39.24,60,0,1,0,
21,4,97,2,37.82,30,1,0,0,
21,4,98,3,38.59,60,1,0,0,
21,4,99,3,42.08,90,1,0,0,
21,4,100,3,39,0,1,0,0,
21,4,101,3,44.26,90,1,0,0,
21,4,102,3,36.5,NA,1,0,0,
21,4,103,2,40.02,90,1,0,0,
21,4,104,1,29,60,1,0,0,
21,4,105,3,37.93,NA,1,0,0,
21,4,106,1,30,60,1,0,0,
21,4,107,3,38.7,60,1,0,0,
21,4,108,2,38,90,1,0,0,
21,4,109,3,40.38,60,1,0,0,
21,4,110,3,36,60,1,0,0,
21,4,111,3,36.23,0,1,0,0,
21,4,112,1,30.5,60,1,0,0,
21,4,113,NA,40.51,60,0,0,1,
21,4,114,NA,32.5,30,0,0,1,
21,4,115,1,33.55,60,0,0,1,
21,5,116,1,31.4,0,0,1,0,
21,5,117,2,36,0,0,1,0,
21,5,118,2,39.37,60,0,1,0,
21,5,119,3,40.5,30,0,1,0,
21,5,120,3,42.9,0,0,1,0,
21,5,121,3,42.5,0,0,1,0,
21,5,122,2,36.5,60,0,1,0,
21,5,123,2,38.66,0,0,1,0,
21,5,124,3,38.5,0,0,1,0,
21,5,125,2,36.86,0,0,1,0,
21,5,126,3,39,0,0,1,0,
21,5,127,2,39.13,30,0,1,0,
21,5,128,3,35.29,60,1,0,0,
21,5,129,2,36.83,60,1,0,0,
21,5,130,3,37.5,60,1,0,0,
21,5,131,1,32.5,0,1,0,0,
21,5,132,3,41.7,90,1,0,0,
21,5,133,3,36.5,60,1,0,0,
21,5,134,3,40.03,90,1,0,0,
21,5,135,3,37.5,0,1,0,0,
21,5,136,3,36.14,60,0,0,1,
21,5,137,1,36,30,1,0,0,
21,5,138,3,42.05,30,0,0,1,
21,5,139,1,33,90,1,0,0,
21,5,140,3,42.1,90,1,0,0,
21,5,141,1,32,60,1,0,0,
21,5,142,2,39.63,90,1,0,0,
21,5,143,3,40.5,90,1,0,0,
21,5,144,3,36.83,90,1,0,0,
21,5,145,2,39.5,30,1,0,0,
21,5,146,1,33.69,0,0,1,0,
21,5,147,1,33.61,90,1,0,0,
21,5,148,2,38,30,0,0,1,
21,6,149,1,25,0,0,1,0,
21,6,150,3,41.66,30,0,1,0,
21,6,151,3,42,30,0,1,0,
21,6,152,3,39.56,0,0,1,0,
21,6,153,1,30.5,0,0,1,0,
21,6,154,3,41.63,0,0,1,0,
21,6,155,3,39,0,0,1,0,
21,6,156,2,39.78,30,0,1,0,
21,6,157,3,37.43,30,0,1,0,
21,6,158,2,35.41,30,1,0,0,
21,6,159,3,36.15,60,1,0,0,
21,6,160,1,31.5,30,1,0,0,
21,6,161,2,36.05,90,1,0,0,
21,6,162,3,41.5,90,1,0,0,
21,6,163,3,43.36,90,1,0,0,
21,6,164,2,38.5,90,1,0,0,
21,6,165,3,38.98,60,1,0,0,
21,6,166,3,43,NA,1,0,0,
21,6,167,3,38.44,90,1,0,0,
21,6,168,2,37,90,1,0,0,
21,6,169,3,37.27,60,1,0,0,
21,6,170,NA,41.22,0,0,0,1,
21,6,171,3,39,90,1,0,0,
21,6,172,3,40.09,30,1,0,0,
21,6,173,1,33,60,1,0,0,
21,6,174,2,36.7,NA,0,0,1,
21,6,175,2,35,90,1,0,0,
21,6,176,3,37.89,60,0,0,1,
19,1,1,2,42,0,0,1,0,
19,1,2,2,36.05,0,0,1,0,
19,1,3,1,24,60,0,1,0,
19,1,4,1,31.46,30,0,1,0,
19,1,5,1,31,30,0,1,0,
19,1,6,1,30.98,30,0,1,0,
19,1,7,3,34,0,0,1,0,
19,1,8,3,38.01,30,0,1,0,
19,1,9,3,38,0,0,1,0,
19,1,10,2,39.69,30,0,1,0,
19,1,11,2,35,30,0,1,0,
19,1,12,2,41.13,30,0,1,0,
19,1,13,1,28,0,0,1,0,
19,1,14,3,36.89,30,1,0,0,
19,1,15,3,40.28,30,1,0,0,
19,1,16,1,29.33,120,1,0,0,
19,1,17,NA,40.5,90,0,0,1,
19,1,18,NA,33.61,30,0,0,1,
19,1,19,1,34,30,1,0,0,
19,1,20,1,31.83,90,1,0,0,
19,1,21,2,39.5,30,1,0,0,
19,1,22,3,38.39,90,1,0,0,
19,1,23,1,33.12,60,1,0,0,
19,1,24,2,38,30,1,0,0,
19,1,25,NA,39,120,0,0,1,
19,1,26,3,37.09,0,1,0,0,
19,1,27,1,32,30,1,0,0,
19,1,28,1,30.66,120,0,0,1,
19,1,29,1,33,60,1,0,0,
19,1,30,2,38.11,120,0,0,1,
19,1,31,1,31.5,90,1,0,0,
19,1,32,NA,30.88,60,0,0,1,
19,1,33,1,31.5,90,1,0,0,
19,1,34,NA,31.82,30,0,0,1,
19,1,35,1,29.5,120,0,0,1,
19,1,36,NA,NA,120,0,0,1,
19,1,37,NA,30.5,90,0,0,1,
19,1,38,NA,30.07,120,0,0,1,
19,2,39,3,40,0,0,1,0,
19,2,40,2,40.05,0,0,1,0,
19,2,41,3,41,0,0,1,0,
19,2,42,3,40.15,30,0,1,0,
19,2,43,2,38.5,30,0,1,0,
19,2,44,1,32.19,30,0,1,0,
19,2,45,3,39,0,0,1,0,
19,2,46,2,38.38,90,0,1,0,
19,2,47,1,29,60,0,1,0,
19,2,48,2,39.93,0,0,1,0,
19,2,49,1,31,0,0,1,0,
19,2,50,1,29.91,120,0,1,0,
19,2,51,1,30.5,30,0,1,0,
19,2,52,1,25,60,0,1,0,
19,2,53,1,28,30,0,1,0,
19,2,54,3,37.79,30,0,1,0,
19,2,55,3,38.5,60,0,1,0,
19,2,56,2,32.69,,0,1,0,
19,2,57,1,31.5,30,0,1,0,
19,2,58,1,32,30,0,1,0,
19,2,59,3,33.59,30,0,1,0,
19,2,60,1,29.5,30,0,1,0,
19,2,61,3,42.37,NA,0,1,0,
19,2,62,3,36,0,0,1,0,
19,2,63,1,29.5,0,0,1,0,
19,2,64,1,26.26,0,0,1,0,
19,2,65,1,31,60,0,1,0,
19,2,66,3,38.24,60,1,0,0,
19,2,67,3,41,NA,1,0,0,
19,2,68,1,30.49,90,1,0,0,
19,2,69,1,32.5,60,1,0,0,
19,2,70,3,43.04,30,1,0,0,
19,2,71,1,32,30,1,0,0,
19,2,72,NA,33.83,60,0,0,1,
19,2,73,1,33,90,1,0,0,
19,2,74,1,29.5,90,1,0,0,
19,2,75,NA,40.31,90,0,0,1,
19,2,76,NA,NA,60,0,0,1,
19,2,77,1,31.48,60,1,0,0,
19,2,78,NA,37,60,0,0,1,
19,2,79,NA,NA,120,0,0,1,
19,2,80,NA,NA,90,0,0,1,
19,2,81,NA,31.5,60,0,0,1,
19,2,82,NA,NA,90,0,0,1,
19,2,83,NA,38.5,90,0,0,1,
19,2,84,NA,32.32,90,0,0,1,
19,2,85,NA,40.5,120,0,0,1,
19,3,86,3,37.5,60,0,1,0,
19,3,87,3,41.85,0,0,1,0,
19,3,88,2,38,0,0,1,0,
19,3,89,2,39.73,60,0,1,0,
19,3,90,2,38.5,90,0,1,0,
19,3,91,3,41.68,0,0,1,0,
19,3,92,1,30.5,0,0,1,0,
19,3,93,3,43.83,0,0,1,0,
19,3,94,1,29.5,90,0,1,0,
19,3,95,1,30.69,0,0,1,0,
19,3,96,1,30,30,0,1,0,
19,3,97,3,35,120,0,1,0,
19,3,98,3,38,30,0,1,0,
19,3,99,1,30.84,30,0,1,0,
19,3,100,1,29.5,90,0,1,0,
19,3,101,2,36.87,30,1,0,0,
19,3,102,3,34,0,0,1,0,
19,3,103,3,38.5,30,0,1,0,
19,3,104,1,26.25,0,0,1,0,
19,3,105,3,35,60,0,1,0,
19,3,106,2,35.5,30,0,1,0,
19,3,107,1,30.18,60,0,1,0,
19,3,108,3,37,90,0,1,0,
19,3,109,1,33.07,60,1,0,0,
19,3,110,1,31,30,0,1,0,
19,3,111,NA,37.7,90,0,0,1,
19,3,112,1,30.5,120,1,0,0,
19,3,113,1,31.3,120,0,0,1,
19,3,114,1,32.5,30,1,0,0,
19,3,115,3,41.6,120,1,0,0,
19,3,116,1,30.5,120,1,0,0,
19,3,117,NA,36.89,60,0,0,1,
19,3,118,2,34,120,0,1,0,
19,3,119,NA,31.91,120,0,0,1,
19,3,120,2,33.5,60,0,0,1,
19,3,121,NA,30.47,30,0,0,1,
19,3,122,1,23.5,90,1,0,0,
19,3,123,NA,31.57,120,0,0,1,
19,3,124,1,31.5,90,1,0,0,
19,3,125,NA,29.54,120,0,0,1,
19,3,126,NA,34,90,0,0,1,
19,3,127,NA,29.64,60,0,0,1,
19,3,128,NA,NA,NA,0,0,1,
19,4,129,2,40,30,0,1,0,
19,4,130,1,32.91,30,0,1,0,
19,4,131,3,39.5,0,0,1,0,
19,4,132,3,37,120,0,1,0,
19,4,133,3,39.92,30,0,1,0,
19,4,134,2,36.81,60,0,1,0,
19,4,135,3,35,30,0,1,0,
19,4,136,2,39.63,30,0,1,0,
19,4,137,2,35.5,0,0,1,0,
19,4,138,1,30.4,90,0,1,0,
19,4,139,3,38,60,0,1,0,
19,4,140,3,40.5,30,0,1,0,
19,4,141,1,32.5,30,0,1,0,
19,4,142,3,39.28,60,0,1,0,
19,4,143,2,38,90,0,1,0,
19,4,144,1,29.03,0,0,1,0,
19,4,145,3,38,90,0,1,0,
19,4,146,1,32.29,0,0,1,0,
19,4,147,1,24,30,0,1,0,
19,4,148,1,31.48,0,0,1,0,
19,4,149,3,37.95,60,0,0,1,
19,4,150,1,31.37,120,1,0,0,
19,4,151,3,37,30,1,0,0,
19,4,152,1,31.49,120,1,0,0,
19,4,153,3,42,60,1,0,0,
19,4,154,3,36.8,90,1,0,0,
19,4,155,1,30,120,1,0,0,
19,4,156,3,37.28,120,1,0,0,
19,4,157,2,39,60,0,0,1,
19,4,158,NA,30.97,0,0,0,1,
19,4,159,1,31,120,1,0,0,
19,4,160,NA,39,90,0,0,1,
19,4,161,1,32.66,120,0,0,1,
19,4,162,NA,35.5,60,0,0,1,
19,4,163,NA,35.7,30,0,0,1,
19,4,164,NA,29.5,120,0,0,1,
19,4,165,NA,39.37,120,0,0,1,
19,4,166,NA,31,120,0,0,1,
19,4,167,NA,35.26,90,0,0,1,
19,4,168,NA,28,90,0,0,1,
19,4,169,NA,37.54,120,0,0,1,
19,4,170,NA,NA,120,0,0,1,
19,4,171,NA,NA,120,0,0,1,
19,4,172,NA,NA,120,0,0,1,
19,4,173,NA,NA,120,0,0,1,
19,4,174,NA,NA,120,0,0,1,
19,4,175,NA,NA,60,0,0,1,
19,4,176,NA,NA,0,0,0,1,
19,4,177,NA,NA,90,0,0,1,
19,4,178,NA,NA,NA,0,0,1,
19,5,179,3,38,60,0,1,0,
19,5,180,3,39.29,0,0,1,0,
19,5,181,1,30,30,0,1,0,
19,5,182,1,31,30,0,1,0,
19,5,183,3,40.52,0,0,1,0,
19,5,184,1,32,30,0,1,0,
19,5,185,3,35.35,0,0,1,0,
19,5,186,2,37.5,30,0,1,0,
19,5,187,3,39.68,60,0,1,0,
19,5,188,1,34.85,0,0,1,0,
19,5,189,2,36.06,30,0,1,0,
19,5,190,2,36,90,0,1,0,
19,5,191,1,32.81,60,0,1,0,
19,5,192,3,38,0,0,1,0,
19,5,193,2,36.5,0,0,1,0,
19,5,194,1,24.59,0,0,1,0,
19,5,195,3,41,0,0,1,0,
19,5,196,3,38.02,60,0,1,0,
19,5,197,1,31.93,60,0,1,0,
19,5,198,3,39,0,0,1,0,
19,5,199,3,40.5,30,0,1,0,
19,5,200,1,31.02,0,0,1,0,
19,5,201,2,37.5,0,0,1,0,
19,5,202,1,30.39,0,0,1,0,
19,5,203,1,31,90,0,1,0,
19,5,204,2,34.14,0,0,1,0,
19,5,205,2,36,0,0,1,0,
19,5,206,2,37.69,0,0,1,0,
19,5,207,2,38.5,0,0,1,0,
19,5,208,1,32,60,0,1,0,
19,5,209,1,34.4,30,0,1,0,
19,5,210,1,30,0,0,1,0,
19,5,211,1,31.24,90,0,1,0,
19,5,212,1,29.5,30,0,1,0,
19,5,213,2,38.5,30,0,1,0,
19,5,214,2,34.5,120,1,0,0,
19,5,215,3,41.24,60,1,0,0,
19,5,216,2,41,90,1,0,0,
19,5,217,1,32,60,1,0,0,
19,5,218,3,38.5,90,1,0,0,
19,5,219,2,39.25,120,1,0,0,
19,5,220,NA,37.5,60,0,0,1,
19,5,221,1,30.18,90,1,0,0,
19,5,222,1,29.5,0,0,0,1,
19,5,223,1,30.3,120,0,0,1,
19,5,224,NA,41.5,90,0,0,1,
19,5,225,1,32.42,60,1,0,0,
19,5,226,3,37.5,60,1,0,0,
19,5,227,1,29.69,120,1,0,0,
19,5,228,1,29.5,120,1,0,0,
19,5,229,NA,36.46,120,0,0,1,
19,5,230,1,30.5,90,1,0,0,
19,5,231,1,26.88,90,1,0,0,
19,5,232,NA,37,120,0,0,1,
19,5,233,1,28.14,120,1,0,0,
19,5,234,1,29.5,30,1,0,0,
19,5,235,1,30.58,120,1,0,0,
19,5,236,1,32,120,0,0,1,
19,5,237,NA,38.75,90,0,0,1,
19,5,238,1,31.5,120,1,0,0,
19,5,239,NA,NA,60,0,0,1,
19,5,240,NA,31.5,60,0,0,1,
19,5,241,NA,30.91,120,0,0,1,
19,5,242,NA,31.5,90,0,0,1,
19,5,243,NA,28.72,120,0,0,1,
19,5,244,NA,31,120,0,0,1,
19,5,245,NA,NA,120,0,0,1,
19,5,246,NA,28.07,120,0,0,1,
19,5,247,NA,NA,60,0,0,1,
19,6,248,2,38,30,0,1,0,
19,6,249,1,26.7,30,0,1,0,
19,6,250,1,29.5,60,0,1,0,
19,6,251,1,30.75,60,0,1,0,
19,6,252,2,36,90,0,1,0,
19,6,253,1,30.68,60,0,1,0,
19,6,254,3,38.5,30,0,1,0,
19,6,255,1,34.27,0,0,1,0,
19,6,256,1,29.5,60,0,1,0,
19,6,257,1,31.25,0,0,1,0,
19,6,258,2,43.5,0,0,1,0,
19,6,259,3,35.11,30,0,1,0,
19,6,260,1,31,0,0,1,0,
19,6,261,1,31.26,0,0,1,0,
19,6,262,2,36.17,60,0,1,0,
19,6,263,3,39.5,0,0,1,0,
19,6,264,1,31.32,0,0,1,0,
19,6,265,2,36,30,0,1,0,
19,6,266,2,36.9,60,0,1,0,
19,6,267,2,37,0,0,1,0,
19,6,268,2,36,0,0,1,0,
19,6,269,3,32.36,30,0,1,0,
19,6,270,2,34.5,0,0,1,0,
19,6,271,1,31.5,0,1,0,0,
19,6,272,1,32,30,0,1,0,
19,6,273,1,30,60,0,1,0,
19,6,274,3,40.17,60,1,0,0,
19,6,275,1,31,NA,0,1,0,
19,6,276,1,31,30,0,1,0,
19,6,277,1,29.34,0,0,1,0,
19,6,278,1,31,0,0,1,0,
19,6,279,1,30.5,0,0,1,0,
19,6,280,1,25.2,0,0,1,0,
19,6,281,1,32.5,90,0,1,0,
19,6,282,2,39.21,90,1,0,0,
19,6,283,2,36,90,1,0,0,
19,6,284,3,38.15,90,1,0,0,
19,6,285,3,35,0,0,0,1,
19,6,286,1,36.29,30,0,0,1,
19,6,287,1,29.5,60,1,0,0,
19,6,288,NA,37.83,120,0,0,1,
19,6,289,1,31,120,1,0,0,
19,6,290,3,38.94,90,1,0,0,
19,6,291,1,28.5,90,1,0,0,
19,6,292,1,32.26,60,0,0,1,
19,6,293,2,34,30,1,0,0,
19,6,294,1,NA,NA,0,0,1,
19,6,295,1,31,90,1,0,0,
19,6,296,1,29.8,90,1,0,0,
19,6,297,NA,31,60,0,0,1,
19,6,298,NA,31.16,60,0,0,1,
19,6,299,1,29,90,0,0,1,
19,6,300,1,24.5,60,0,0,1,
19,6,301,1,31.95,90,0,0,1,
19,6,302,NA,37.5,90,0,0,1,
19,6,303,NA,32.02,90,0,0,1,
19,6,304,NA,32.46,90,0,0,1,
19,6,305,1,28,0,0,0,1,
19,6,306,NA,NA,60,0,0,1,
19,6,307,NA,NA,60,0,0,1,
19,6,308,NA,NA,60,0,0,1,
19,6,309,NA,NA,30,0,0,1,
18,1,1,1,32.21,60,0,1,0,
18,1,2,2,38.5,0,0,1,0,
18,1,3,2,43.6,30,0,1,0,
18,1,4,1,34,90,0,1,0,
18,1,5,2,37.05,90,0,1,0,
18,1,6,1,33,30,0,1,0,
18,1,7,1,30.94,0,0,1,0,
18,1,8,2,36.5,30,0,1,0,
18,1,9,1,33.39,0,0,1,0,
18,1,10,3,38,30,0,1,0,
18,1,11,1,31.46,0,0,1,0,
18,1,12,3,37,0,0,1,0,
18,1,13,1,31.28,60,0,1,0,
18,1,14,1,32.5,30,0,1,0,
18,1,15,1,33.06,NA,0,1,0,
18,1,16,1,34,30,0,1,0,
18,1,17,2,39.52,0,0,1,0,
18,1,18,1,32,30,0,1,0,
18,1,19,1,31.16,0,0,1,0,
18,1,20,2,35,30,0,1,0,
18,1,21,1,31.9,0,0,1,0,
18,1,22,3,44,0,0,1,0,
18,1,23,3,38.2,30,0,1,0,
18,1,24,1,33.5,0,0,1,0,
18,1,25,1,30,0,0,1,0,
18,1,26,2,38.5,90,0,1,0,
18,1,27,2,38,60,0,1,0,
18,1,28,1,33,0,0,1,0,
18,1,29,3,44.04,60,1,0,0,
18,1,30,2,42.42,60,1,0,0,
18,1,31,1,38.28,90,1,0,0,
18,1,32,2,38,120,1,0,0,
18,1,33,1,32.91,120,1,0,0,
18,1,34,2,37,90,1,0,0,
18,1,35,2,37.7,120,1,0,0,
18,1,36,1,33.5,60,1,0,0,
18,1,37,1,37.96,120,1,0,0,
18,1,38,2,39,90,1,0,0,
18,1,39,1,31.56,120,1,0,0,
18,1,40,3,37.5,90,1,0,0,
18,1,41,3,41.06,60,1,0,0,
18,1,42,2,36,60,0,0,1,
18,1,43,1,32.12,60,1,0,0,
18,1,44,1,31,120,1,0,0,
18,1,45,1,31.45,90,1,0,0,
18,1,46,1,35,90,1,0,0,
18,1,47,1,38.8,NA,0,0,1,
18,1,48,1,31.5,60,1,0,0,
18,1,49,NA,NA,NA,0,0,1,
18,1,50,NA,40,120,0,0,1,
18,1,51,NA,34.85,30,0,0,1,
18,1,52,NA,33,60,0,0,1,
18,1,53,NA,34.1,120,0,0,1,
18,1,54,NA,33,120,0,0,1,
18,1,55,NA,NA,60,0,0,1,
18,1,56,NA,34.5,120,0,0,1,
18,1,57,NA,NA,NA,0,0,1,
18,2,58,3,41,90,0,1,0,
18,2,59,1,35.36,90,0,1,0,
18,2,60,1,35.5,0,0,1,0,
18,2,61,2,41.43,0,0,1,0,
18,2,62,1,34.5,30,0,1,0,
18,2,63,1,29.51,NA,0,1,0,
18,2,64,1,31.5,0,0,1,0,
18,2,65,1,33,0,0,1,0,
18,2,66,1,33.31,90,0,1,0,
18,2,67,2,35.5,60,0,1,0,
18,2,68,1,34.07,0,0,1,0,
18,2,69,1,32,30,0,1,0,
18,2,70,1,31.48,0,0,1,0,
18,2,71,2,37.5,0,0,1,0,
18,2,72,1,32.18,60,0,1,0,
18,2,73,1,32,30,0,1,0,
18,2,74,1,34,30,0,1,0,
18,2,75,2,38,90,0,1,0,
18,2,76,2,36.39,90,0,1,0,
18,2,77,1,29,30,0,1,0,
18,2,78,1,30.08,30,0,1,0,
18,2,79,2,39.2,60,0,1,0,
18,2,80,1,33.5,30,0,1,0,
18,2,81,1,30.5,60,0,1,0,
18,2,82,3,37.5,30,1,0,0,
18,2,83,1,30.99,60,1,0,0,
18,2,84,1,31,120,1,0,0,
18,2,85,1,32.32,90,1,0,0,
18,2,86,1,29.5,60,1,0,0,
18,2,87,1,32.29,60,1,0,0,
18,2,88,1,34,30,1,0,0,
18,2,89,2,36.37,120,0,0,1,
18,2,90,1,29.5,60,1,0,0,
18,2,91,1,31.5,60,1,0,0,
18,2,92,1,30,120,1,0,0,
18,2,93,1,31.5,120,1,0,0,
18,2,94,3,41.09,60,1,0,0,
18,2,95,1,30.5,90,1,0,0,
18,2,96,1,31.1,90,1,0,0,
18,2,97,1,29,90,1,0,0,
18,2,98,1,31.95,NA,1,0,0,
18,2,99,1,35,30,1,0,0,
18,2,100,1,34.25,90,1,0,0,
18,2,101,1,31.5,60,1,0,0,
18,2,102,NA,32.46,120,0,0,1,
18,2,103,1,29,90,1,0,0,
18,2,104,1,NA,NA,1,0,0,
18,2,105,1,32.6,120,1,0,0,
18,2,106,2,37,90,1,0,0,
18,2,107,1,31.46,120,1,0,0,
18,2,108,2,33,90,1,0,0,
18,2,109,1,29.68,120,1,0,0,
18,2,110,1,29,60,0,0,1,
18,2,111,1,31.71,120,1,0,0,
18,2,112,NA,31.5,120,0,0,1,
18,2,113,NA,30.78,90,0,0,1,
18,2,114,NA,30,60,0,0,1,
18,3,115,2,32.5,30,0,1,0,
18,3,116,2,38.4,0,0,1,0,
18,3,117,3,38,120,0,1,0,
18,3,118,1,33.14,0,0,1,0,
18,3,119,1,33,0,0,1,0,
18,3,120,2,31.96,0,0,1,0,
18,3,121,1,32,0,0,1,0,
18,3,122,2,37.17,30,0,1,0,
18,3,123,1,34,0,0,1,0,
18,3,124,1,31.5,60,0,1,0,
18,3,125,1,34.67,0,0,1,0,
18,3,126,2,35,30,0,1,0,
18,3,127,1,31.5,60,0,1,0,
18,3,128,3,37.5,0,0,1,0,
18,3,129,2,38,0,0,1,0,
18,3,130,3,35.11,0,0,1,0,
18,3,131,1,34.5,0,0,1,0,
18,3,132,1,31.58,0,0,1,0,
18,3,133,1,31,0,0,1,0,
18,3,134,1,34.06,90,1,0,0,
18,3,135,2,37,30,1,0,0,
18,3,136,1,32.1,120,1,0,0,
18,3,137,NA,33,60,0,0,1,
18,3,138,1,32.26,30,0,0,1,
18,3,139,1,34,90,1,0,0,
18,3,140,1,31.7,0,1,0,0,
18,3,141,1,33.5,60,1,0,0,
18,3,142,1,30.97,120,1,0,0,
18,3,143,1,35,60,1,0,0,
18,3,144,1,32.96,120,1,0,0,
18,3,145,2,36,90,1,0,0,
18,3,146,2,36.15,90,1,0,0,
18,3,147,2,NA,120,0,0,1,
18,3,148,1,31.33,120,1,0,0,
18,3,149,NA,32,120,0,0,1,
18,3,150,NA,32.03,30,0,0,1,
18,3,151,1,31,60,0,0,1,
18,3,152,1,31.83,120,1,0,0,
18,3,153,1,31.5,30,1,0,0,
18,3,154,1,30.55,30,1,0,0,
18,3,155,1,30,60,1,0,0,
18,3,156,1,31.42,120,1,0,0,
18,3,157,1,32.5,90,1,0,0,
18,3,158,1,33.32,30,1,0,0,
18,3,159,1,31,90,0,0,1,
18,3,160,3,32.5,90,1,0,0,
18,3,161,3,37.55,90,1,0,0,
18,3,162,1,30.5,120,1,0,0,
18,3,163,NA,32.07,120,0,0,1,
18,4,164,3,38,90,0,1,0,
18,4,165,1,32.64,90,0,1,0,
18,4,166,3,37,0,0,1,0,
18,4,167,1,33.79,30,0,1,0,
18,4,168,1,35,0,0,1,0,
18,4,169,1,33.08,90,0,1,0,
18,4,170,1,31.5,30,0,1,0,
18,4,171,2,39.06,0,0,1,0,
18,4,172,2,37.5,30,0,1,0,
18,4,173,2,36.25,30,0,1,0,
18,4,174,1,30.5,30,0,1,0,
18,4,175,1,34.77,30,0,1,0,
18,4,176,2,35.5,120,0,1,0,
18,4,177,1,31.16,0,0,1,0,
18,4,178,2,37.5,90,0,1,0,
18,4,179,1,32.56,90,0,1,0,
18,4,180,1,32.5,30,0,1,0,
18,4,181,2,33.91,0,0,1,0,
18,4,182,1,32,0,0,1,0,
18,4,183,1,34.5,0,0,1,0,
18,4,184,3,42.62,90,1,0,0,
18,4,185,2,37,90,1,0,0,
18,4,186,3,40.03,90,1,0,0,
18,4,187,3,36.5,0,1,0,0,
18,4,188,3,38.04,120,1,0,0,
18,4,189,2,38.5,120,1,0,0,
18,4,190,2,40.3,60,1,0,0,
18,4,191,1,31.5,60,1,0,0,
18,4,192,1,30.61,60,1,0,0,
18,4,193,3,39.5,30,1,0,0,
18,4,194,1,33.54,60,1,0,0,
18,4,195,1,31,90,1,0,0,
18,4,196,1,30.77,90,1,0,0,
18,4,197,1,32,60,1,0,0,
18,4,198,1,34.92,120,1,0,0,
18,4,199,NA,30,90,0,0,1,
18,4,200,1,31.67,90,1,0,0,
18,4,201,1,32.5,60,1,0,0,
18,4,202,2,35.74,120,1,0,0,
18,4,203,1,30.5,90,1,0,0,
18,4,204,1,29.85,90,1,0,0,
18,4,205,1,33,90,1,0,0,
18,4,206,1,31.03,120,0,0,1,
18,4,207,2,NA,NA,0,0,1,
18,4,208,1,25.97,90,1,0,0,
18,4,209,1,28.5,60,1,0,0,
18,4,210,NA,31.4,60,1,0,0,
18,4,211,NA,29.5,90,1,0,0,
18,4,212,NA,NA,90,0,0,1,
18,4,213,NA,40.5,120,0,0,1,
18,4,214,NA,NA,90,0,0,1,
18,4,215,NA,33,120,0,0,1,
18,4,216,NA,41.33,120,0,0,1,
18,4,217,NA,30,90,0,0,1,
18,5,218,1,34,0,0,1,0,
18,5,219,2,36,0,0,1,0,
18,5,220,1,32,0,0,1,0,
18,5,221,1,32.44,0,0,1,0,
18,5,222,2,40,0,0,1,0,
18,5,223,1,30.02,0,0,1,0,
18,5,224,1,33.5,30,0,1,0,
18,5,225,1,30.5,30,0,1,0,
18,5,226,1,31.69,0,0,1,0,
18,5,227,3,37,0,0,1,0,
18,5,228,1,32.23,0,0,1,0,
18,5,229,1,33.5,0,0,1,0,
18,5,230,1,33.2,0,0,1,0,
18,5,231,1,34,60,0,1,0,
18,5,232,1,33.38,90,0,1,0,
18,5,233,1,32,120,0,1,0,
18,5,234,1,34.85,0,0,1,0,
18,5,235,1,31,30,0,1,0,
18,5,236,1,31.03,30,0,1,0,
18,5,237,1,30,90,0,1,0,
18,5,238,3,37.76,60,0,1,0,
18,5,239,2,39,0,0,1,0,
18,5,240,1,32,60,0,1,0,
18,5,241,3,44.66,60,1,0,0,
18,5,242,2,39,90,1,0,0,
18,5,243,2,41.8,120,1,0,0,
18,5,244,1,34,90,1,0,0,
18,5,245,2,35,120,1,0,0,
18,5,246,1,33.5,60,1,0,0,
18,5,247,3,40.5,120,1,0,0,
18,5,248,2,37.5,60,1,0,0,
18,5,249,2,36,60,1,0,0,
18,5,250,1,32.49,60,1,0,0,
18,5,251,1,33,90,1,0,0,
18,5,252,1,33.77,120,1,0,0,
18,5,253,1,33,120,1,0,0,
18,5,254,2,36.27,90,1,0,0,
18,5,255,2,35.5,120,1,0,0,
18,5,256,1,32.98,120,1,0,0,
18,5,257,1,30,NA,1,0,0,
18,5,258,NA,34.13,30,1,0,0,
18,5,259,1,30.5,120,1,0,0,
18,5,260,1,32,60,0,0,1,
18,5,261,3,36.33,90,1,0,0,
18,5,262,3,40.5,120,1,0,0,
18,5,263,1,33.09,120,1,0,0,
18,5,264,1,30.5,30,1,0,0,
18,5,265,1,31.31,60,1,0,0,
18,5,266,1,34,120,1,0,0,
18,5,267,1,34.95,90,0,0,1,
18,5,268,NA,NA,0,0,0,1,
18,5,269,NA,35.84,120,0,0,1,
18,5,270,NA,NA,120,0,0,1,
18,6,271,3,40.5,90,0,1,0,
18,6,272,1,31.29,30,0,1,0,
18,6,273,3,41,30,0,1,0,
18,6,274,3,38.88,60,0,1,0,
18,6,275,1,32,60,0,1,0,
18,6,276,2,38.04,30,0,1,0,
18,6,277,2,39,120,0,1,0,
18,6,278,2,38.95,60,0,1,0,
18,6,279,1,34,30,0,1,0,
18,6,280,1,32,30,0,1,0,
18,6,281,2,41,0,0,1,0,
18,6,282,1,35,30,0,1,0,
18,6,283,1,33.48,0,0,1,0,
18,6,284,1,30,30,0,1,0,
18,6,285,1,30.35,0,0,1,0,
18,6,286,1,32.5,30,0,1,0,
18,6,287,1,30.75,30,0,1,0,
18,6,288,1,31,30,0,1,0,
18,6,289,1,34,30,0,1,0,
18,6,290,1,34.77,90,0,1,0,
18,6,291,1,31,60,0,1,0,
18,6,292,3,39.52,0,0,1,0,
18,6,293,1,28,0,0,1,0,
18,6,294,1,33.03,30,0,1,0,
18,6,295,1,29,30,0,1,0,
18,6,296,1,30.05,30,0,1,0,
18,6,297,1,33,0,0,1,0,
18,6,298,3,37.55,30,0,1,0,
18,6,299,2,38,30,0,1,0,
18,6,300,1,30.99,30,0,1,0,
18,6,301,1,36,0,0,1,0,
18,6,302,1,32,30,0,1,0,
18,6,303,3,36.67,0,0,1,0,
18,6,304,1,34,30,0,1,0,
18,6,305,1,30.04,0,0,1,0,
18,6,306,1,31.5,30,0,1,0,
18,6,307,1,32.61,60,0,1,0,
18,6,308,1,32,60,0,1,0,
18,6,309,2,38.85,60,1,0,0,
18,6,310,1,31.5,30,1,0,0,
18,6,311,2,37.26,120,1,0,0,
18,6,312,NA,40.5,90,0,0,1,
18,6,313,3,39.85,60,1,0,0,
18,6,314,3,40,60,1,0,0,
18,6,315,2,36.49,120,1,0,0,
18,6,316,2,38,120,1,0,0,
18,6,317,1,31.64,60,1,0,0,
18,6,318,1,35,90,1,0,0,
18,6,319,2,36.01,90,1,0,0,
18,6,320,2,37,60,1,0,0,
18,6,321,2,38.5,30,1,0,0,
18,6,322,1,33.32,NA,1,0,0,
18,6,323,1,32.5,90,1,0,0,
18,6,324,1,30.14,90,1,0,0,
18,6,325,1,32.5,120,1,0,0,
18,6,326,2,41.36,NA,1,0,0,
18,6,327,3,38.38,90,1,0,0,
18,6,328,1,29.5,30,1,0,0,
18,6,329,1,32.54,60,1,0,0,
18,6,330,2,36.5,120,0,0,1,
18,6,331,1,29.52,120,1,0,0,
18,6,332,1,33,60,1,0,0,
18,6,333,1,32.13,120,1,0,0,
18,6,334,1,30.5,30,1,0,0,
18,6,335,1,30.71,60,1,0,0,
18,6,336,1,32,120,1,0,0,
18,6,337,3,37.08,120,0,0,1,
18,6,338,NA,31,0,0,0,1,
18,6,339,NA,NA,90,0,0,1,
18,6,340,NA,36.5,90,0,0,1,
18,6,341,NA,NA,NA,0,0,1,
18,6,342,NA,29.5,90,0,0,1,
18,6,343,NA,NA,120,0,0,1,
18,6,344,NA,32,60,0,0,1,
23,1,1,3,41.25,0,0,1,0,
23,1,2,2,41.5,0,0,1,0,
23,1,3,1,33.3,60,0,1,0,
23,1,4,2,39,0,0,1,0,
23,1,5,1,28.6,0,0,1,0,
23,1,6,1,32.5,60,0,1,0,
23,1,7,1,36.18,0,0,1,0,
23,1,8,1,28,0,0,1,0,
23,1,9,1,32.73,30,0,1,0,
23,1,10,1,31,0,0,1,0,
23,1,11,1,33.09,30,0,1,0,
23,1,12,2,38.5,30,0,1,0,
23,1,13,3,42.92,0,0,1,0,
23,1,14,1,30.5,30,0,1,0,
23,1,15,1,32.61,30,0,1,0,
23,1,16,1,32,0,0,1,0,
23,1,17,1,34.21,60,0,1,0,
23,1,18,3,42,90,1,0,0,
23,1,19,2,41,90,1,0,0,
23,1,20,2,41.44,60,1,0,0,
23,1,21,3,42,90,1,0,0,
23,1,22,3,40.27,30,1,0,0,
23,1,23,3,40.5,90,1,0,0,
23,1,24,2,41.25,30,1,0,0,
23,1,25,2,37,30,1,0,0,
23,1,26,3,41.94,90,1,0,0,
23,1,27,2,42,90,1,0,0,
23,1,28,1,25.43,0,1,0,0,
23,1,29,1,33.5,60,1,0,0,
23,1,30,1,29.05,30,1,0,0,
23,1,31,1,31,30,1,0,0,
23,1,32,3,42.06,60,1,0,0,
23,1,33,1,35,60,1,0,0,
23,1,34,1,31.42,120,1,0,0,
23,1,35,1,30,90,1,0,0,
23,1,36,1,30.99,120,1,0,0,
23,1,37,3,40.31,60,1,0,0,
23,1,38,1,33,120,1,0,0,
23,1,39,NA,31.2,120,1,0,0,
23,1,40,NA,32,120,1,0,0,
23,1,41,1,32.98,0,1,0,0,
23,1,42,1,35,90,1,0,0,
23,1,43,1,35.02,90,1,0,0,
23,1,44,NA,30.5,30,0,0,1,
23,1,45,NA,30.8,120,0,0,1,
23,1,46,NA,NA,30,0,0,1,
23,2,47,2,37.5,0,0,1,0,
23,2,48,1,32.43,0,0,1,0,
23,2,49,2,36.26,0,0,1,0,
23,2,50,1,29,60,0,1,0,
23,2,51,1,32.35,30,0,1,0,
23,2,52,3,39.93,0,0,1,0,
23,2,53,3,40.85,0,0,1,0,
23,2,54,3,40,0,0,1,0,
23,2,55,3,40.47,0,0,1,0,
23,2,56,3,40.5,30,0,1,0,
23,2,57,2,39.83,0,0,1,0,
23,2,58,2,42,60,0,1,0,
23,2,59,1,32,90,1,0,0,
23,2,60,2,38.62,60,1,0,0,
23,2,61,3,42.5,120,1,0,0,
23,2,62,3,40.78,30,1,0,0,
23,2,63,3,41.5,90,1,0,0,
23,2,64,3,40.78,90,1,0,0,
23,2,65,1,34,60,1,0,0,
23,2,66,3,45.1,60,1,0,0,
23,2,67,3,40.5,60,1,0,0,
23,2,68,3,40.19,60,1,0,0,
23,2,69,3,39.5,60,1,0,0,
23,2,70,1,35.17,90,1,0,0,
23,2,71,3,40,90,1,0,0,
23,2,72,3,39.44,120,1,0,0,
23,2,73,3,40,0,1,0,0,
23,2,74,2,40.96,NA,1,0,0,
23,2,75,2,41,120,1,0,0,
23,2,76,2,42.68,120,1,0,0,
23,2,77,3,40.95,60,1,0,0,
23,2,78,2,39.5,60,1,0,0,
23,2,79,1,31.02,60,1,0,0,
23,2,80,2,39,30,1,0,0,
23,2,81,1,33.96,60,1,0,0,
23,2,82,2,37,90,1,0,0,
23,2,83,2,38.14,30,1,0,0,
23,2,84,1,33,30,1,0,0,
23,2,85,1,34.59,90,1,0,0,
23,2,86,1,32.5,90,1,0,0,
23,2,87,1,28.21,120,1,0,0,
23,2,88,1,31.34,60,1,0,0,
23,2,89,1,33.5,90,1,0,0,
23,2,90,3,40.84,90,0,0,1,
23,2,91,1,29,30,0,0,1,
23,2,92,NA,NA,30,0,0,1,
23,2,93,NA,29.9,120,0,0,1,
23,2,94,NA,29,120,0,0,1,
23,3,95,2,41.2,0,0,1,0,
23,3,96,1,31,0,0,1,0,
23,3,97,2,37.87,0,0,1,0,
23,3,98,1,34,0,0,1,0,
23,3,99,2,39.39,60,0,1,0,
23,3,100,1,34,0,0,1,0,
23,3,101,2,40.49,0,0,1,0,
23,3,102,1,31.5,0,0,1,0,
23,3,103,2,39.79,90,1,0,0,
23,3,104,1,33.5,0,0,1,0,
23,3,105,1,33.46,30,0,1,0,
23,3,106,1,25,0,0,1,0,
23,3,107,1,32.75,0,0,1,0,
23,3,108,1,32.5,0,0,1,0,
23,3,109,1,31.46,0,0,1,0,
23,3,110,1,30.85,30,0,1,0,
23,3,111,1,32.5,90,0,1,0,
23,3,112,3,41.5,60,1,0,0,
23,3,113,3,41,60,1,0,0,
23,3,114,2,42,30,1,0,0,
23,3,115,2,41.78,0,1,0,0,
23,3,116,3,40.5,120,1,0,0,
23,3,117,3,42.8,120,1,0,0,
23,3,118,2,38,120,1,0,0,
23,3,119,3,40.17,NA,1,0,0,
23,3,120,2,40,120,1,0,0,
23,3,121,1,34.39,60,1,0,0,
23,3,122,3,37.5,120,1,0,0,
23,3,123,2,43.24,60,1,0,0,
23,3,124,3,41,90,1,0,0,
23,3,125,3,42.38,90,1,0,0,
23,3,126,1,36.5,60,1,0,0,
23,3,127,3,38.9,120,1,0,0,
23,3,128,1,31,120,1,0,0,
23,3,129,2,41.28,120,1,0,0,
23,3,130,1,29.5,30,1,0,0,
23,3,131,3,41.15,90,1,0,0,
23,3,132,1,31.5,30,1,0,0,
23,3,133,3,44.18,90,1,0,0,
23,3,134,1,32.5,60,1,0,0,
23,3,135,2,41.91,NA,1,0,0,
23,3,136,3,40.5,120,1,0,0,
23,3,137,1,35.01,30,1,0,0,
23,3,138,1,32.5,120,1,0,0,
23,3,139,1,31.5,120,1,0,0,
23,3,140,3,41.5,90,1,0,0,
23,3,141,1,32.52,60,1,0,0,
23,3,142,2,39.5,90,1,0,0,
23,3,143,2,38.43,90,1,0,0,
23,3,144,3,42,60,0,0,1,
23,3,145,1,32.04,60,1,0,0,
23,3,146,1,32.5,90,1,0,0,
23,3,147,NA,42.99,30,0,0,1,
23,3,148,NA,NA,90,0,0,1,
23,3,149,NA,31.55,90,0,0,1,
23,4,150,3,39.67,0,0,1,0,
23,4,151,1,33,0,0,1,0,
23,4,152,2,39.66,30,0,1,0,
23,4,153,1,30.5,60,0,1,0,
23,4,154,3,41.56,120,0,1,0,
23,4,155,1,29.6,0,0,1,0,
23,4,156,3,45.48,60,0,1,0,
23,4,157,2,40.5,0,0,1,0,
23,4,158,3,40,0,0,1,0,
23,4,159,1,32.57,60,0,1,0,
23,4,160,1,32.5,0,0,1,0,
23,4,161,1,33.01,0,0,1,0,
23,4,162,1,28.5,0,0,1,0,
23,4,163,1,31.89,60,0,1,0,
23,4,164,3,41.5,30,1,0,0,
23,4,165,3,43.5,30,1,0,0,
23,4,166,3,39.5,90,1,0,0,
23,4,167,3,39.54,60,1,0,0,
23,4,168,3,38.37,60,1,0,0,
23,4,169,2,30,90,1,0,0,
23,4,170,2,40.8,120,1,0,0,
23,4,171,3,40,90,1,0,0,
23,4,172,3,39.83,120,1,0,0,
23,4,173,3,39,60,1,0,0,
23,4,174,1,31.39,120,1,0,0,
23,4,175,1,31.5,30,1,0,0,
23,4,176,1,25.72,120,1,0,0,
23,4,177,1,32.5,90,1,0,0,
23,4,178,3,43.57,90,1,0,0,
23,4,179,1,30.5,0,1,0,0,
23,4,180,3,36.52,120,1,0,0,
23,4,181,1,30.5,60,1,0,0,
23,4,182,1,31.5,60,1,0,0,
23,4,183,3,42.01,30,1,0,0,
23,4,184,1,31,120,1,0,0,
23,4,185,1,33.83,30,1,0,0,
23,4,186,1,29,120,1,0,0,
23,4,187,1,32.98,0,1,0,0,
23,4,188,1,32.98,0,1,0,0,
23,4,189,1,32.5,120,1,0,0,
23,4,190,3,37.91,90,1,0,0,
23,4,191,1,31.5,120,1,0,0,
23,4,192,3,39.81,90,1,0,0,
23,4,193,1,34,30,1,0,0,
23,4,194,1,33.75,0,1,0,0,
23,4,195,1,32.5,30,1,0,0,
23,4,196,1,30.5,90,1,0,0,
23,4,197,1,32.52,60,0,0,1,
23,4,198,3,39,30,1,0,0,
23,4,199,1,34.36,30,1,0,0,
23,4,200,1,30,60,1,0,0,
23,4,201,NA,35,90,0,0,1,
23,4,202,2,42.21,60,1,0,0,
23,4,203,NA,33.5,0,0,0,1,
23,4,204,NA,33.14,120,0,0,1,
23,4,205,NA,30.5,120,0,0,1,
23,5,206,1,33.13,0,0,1,0,
23,5,207,1,29.5,30,0,1,0,
23,5,208,3,39.93,0,0,1,0,
23,5,209,3,37,0,0,1,0,
23,5,210,3,39.61,0,0,1,0,
23,5,211,3,41.99,0,0,1,0,
23,5,212,1,33,0,0,1,0,
23,5,213,2,39.5,30,0,1,0,
23,5,214,1,32.5,30,0,1,0,
23,5,215,2,37.75,0,0,1,0,
23,5,216,2,41.5,60,0,1,0,
23,5,217,2,37.75,30,0,1,0,
23,5,218,1,30.5,0,0,1,0,
23,5,219,3,40,120,1,0,0,
23,5,220,2,41,120,1,0,0,
23,5,221,1,34.22,30,1,0,0,
23,5,222,3,38.5,90,1,0,0,
23,5,223,3,43.45,30,1,0,0,
23,5,224,2,42,120,1,0,0,
23,5,225,3,42.07,30,1,0,0,
23,5,226,3,40.5,120,1,0,0,
23,5,227,3,39.04,60,1,0,0,
23,5,228,3,41,120,1,0,0,
23,5,229,2,41.53,30,1,0,0,
23,5,230,1,36.5,120,1,0,0,
23,5,231,2,39.35,90,1,0,0,
23,5,232,3,41,120,1,0,0,
23,5,233,2,40.47,60,1,0,0,
23,5,234,2,41,30,1,0,0,
23,5,235,3,42.06,120,1,0,0,
23,5,236,2,41.1,60,1,0,0,
23,5,237,3,39,90,1,0,0,
23,5,238,3,41.1,60,1,0,0,
23,5,239,2,43.5,120,1,0,0,
23,5,240,1,33.36,60,1,0,0,
23,5,241,1,31.5,90,1,0,0,
23,5,242,2,38.93,120,1,0,0,
23,5,243,1,31,90,1,0,0,
23,5,244,1,30.5,90,1,0,0,
23,5,245,NA,37.57,120,1,0,0,
23,5,246,1,34,90,1,0,0,
23,5,247,1,31.39,90,1,0,0,
23,5,248,1,32,60,1,0,0,
23,5,249,1,33.06,30,1,0,0,
23,5,250,1,30.5,30,1,0,0,
23,5,251,NA,NA,120,0,0,1,
23,5,252,3,38,30,0,0,1,
23,6,253,3,42,0,0,1,0,
23,6,254,2,40.26,30,0,1,0,
23,6,255,2,39,0,0,1,0,
23,6,256,1,32.69,0,0,1,0,
23,6,257,1,32,60,0,1,0,
23,6,258,2,40.82,60,0,1,0,
23,6,259,2,40.5,0,0,1,0,
23,6,260,1,32.41,0,0,1,0,
23,6,261,1,33.07,30,0,1,0,
23,6,262,2,37.06,0,0,1,0,
23,6,263,1,31.85,30,0,1,0,
23,6,264,2,43.5,60,0,1,0,
23,6,265,1,33.16,90,1,0,0,
23,6,266,3,41,60,1,0,0,
23,6,267,3,39.74,90,1,0,0,
23,6,268,3,42.5,30,1,0,0,
23,6,269,3,40.35,30,1,0,0,
23,6,270,3,41,120,1,0,0,
23,6,271,1,33.13,0,1,0,0,
23,6,272,3,41,30,1,0,0,
23,6,273,1,34.31,30,1,0,0,
23,6,274,3,43.5,120,1,0,0,
23,6,275,2,40.56,90,1,0,0,
23,6,276,2,42,120,1,0,0,
23,6,277,3,41.17,60,1,0,0,
23,6,278,3,39,120,1,0,0,
23,6,279,3,41.3,90,1,0,0,
23,6,280,1,36.5,120,1,0,0,
23,6,281,2,40.93,90,1,0,0,
23,6,282,2,42,60,1,0,0,
23,6,283,1,34.27,90,1,0,0,
23,6,284,2,40,120,1,0,0,
23,6,285,1,32.81,60,1,0,0,
23,6,286,3,40.5,120,1,0,0,
23,6,287,2,41.23,120,1,0,0,
23,6,288,3,40,90,1,0,0,
23,6,289,2,41.25,120,1,0,0,
23,6,290,3,40,120,1,0,0,
23,6,291,1,34.17,30,1,0,0,
23,6,292,1,33,90,1,0,0,
23,6,293,1,34,60,1,0,0,
23,6,294,2,43,120,1,0,0,
23,6,295,1,33.59,90,1,0,0,
23,6,296,1,34,60,1,0,0,
23,6,297,NA,NA,90,0,0,1,