trial_number,trap_number,prawn_id,stage,treatment,abdomen_turgor,abdomen_retraction,leg_movement,leg_retraction,maxilliped_movement,maxilliped_retraction,antenna,eye_turgor,pleopods,mouth,comments
9,1,1,3,90,1,0,1,0,1,1,0,1,0,1,Missing telson
9,1,2,1,0,1,1,1,1,1,1,1,1,1,1,
9,1,3,1,60,1,1,1,1,1,1,1,1,1,1,
9,1,4,1,60,1,1,1,1,1,1,1,1,1,1,
9,1,5,1,60,1,1,1,1,1,1,0,1,1,1,
9,1,6,1,30,1,1,1,1,1,1,1,1,1,1,
9,1,7,2,60,1,1,1,1,1,1,1,1,1,1,
9,1,8,1,60,1,1,1,1,1,1,1,1,1,1,
9,1,9,2,60,0,0,1,0,1,0,1,1,0,1,
9,1,10,2,30,1,1,1,1,1,1,1,1,1,1,
9,2,11,3,0,1,0,1,1,1,1,0,1,1,1,
9,2,12,3,0,1,1,1,1,1,1,1,1,1,1,
9,2,13,2,0,1,1,1,1,1,1,1,1,1,1,
9,2,14,3,0,1,1,1,1,1,1,1,1,1,1,
9,2,15,2,0,0,0,1,1,1,1,1,1,0,1,
9,2,16,2,0,1,1,1,1,1,0,0,1,0,1,
9,2,17,2,30,1,1,1,1,1,1,1,1,1,1,
9,2,18,1,60,1,0,1,1,1,1,1,1,0,1,
9,2,19,1,90,1,1,1,1,1,1,1,1,1,1,
9,2,20,2,30,1,1,1,1,1,1,1,1,0,1,
9,2,21,1,30,1,1,1,1,1,1,1,1,1,1,
9,3,22,3,0,1,1,1,1,1,1,1,1,1,1,
9,3,23,1,0,1,1,1,1,1,1,1,1,1,1,
9,3,24,2,0,1,1,1,1,1,1,1,1,1,1,
9,3,25,2,30,0,0,1,0,1,1,0,1,0,1,
9,3,26,1,0,1,1,1,1,1,1,1,1,1,1,
9,3,27,2,0,1,1,1,1,1,1,1,1,1,1,
9,3,28,1,0,1,1,1,1,1,1,1,1,1,1,
9,3,29,1,90,1,1,1,1,1,1,0,1,1,1,
9,3,30,2,0,1,1,1,1,1,1,1,1,1,1,
9,3,31,2,30,1,0,1,1,1,1,1,1,1,1,
9,3,32,2,30,0,0,1,1,1,1,1,1,0,1,
9,3,33,1,60,1,1,1,1,1,1,1,1,1,1,
9,3,34,1,30,1,1,1,1,1,1,0,1,1,1,
9,4,35,1,0,1,1,1,1,1,1,1,1,1,1,
9,4,36,1,0,1,1,1,1,1,1,1,1,1,1,
9,4,37,2,30,1,1,1,1,1,1,1,1,1,1,
9,4,38,1,0,1,1,1,1,1,1,1,1,1,1,
9,4,39,2,30,1,1,1,1,1,1,1,1,1,1,
9,4,40,1,30,1,1,1,1,1,1,0,0,0,1,
9,4,41,1,60,1,0,1,1,1,1,1,1,0,1,
9,5,42,1,30,1,1,1,1,1,1,0,1,1,1,
9,5,43,1,60,0,0,1,1,1,1,0,1,0,1,
9,5,44,2,0,1,1,1,1,1,1,1,1,1,1,
9,5,45,1,60,1,1,1,1,1,1,1,1,1,1,
9,5,46,1,60,0,0,1,1,1,1,1,1,0,1,
9,5,47,1,0,1,1,1,1,1,1,1,1,1,1,
9,5,48,1,30,0,0,1,0,1,1,0,1,0,0,
9,5,49,1,0,1,1,1,1,1,1,1,1,1,1,
9,5,50,1,90,1,1,1,1,1,1,1,1,1,1,
9,5,51,1,60,0,0,0,0,0,0,0,0,0,0,
9,5,52,1,0,1,1,1,1,1,1,1,1,1,1,
9,5,53,1,90,0,0,1,0,1,0,0,1,0,0,
9,6,54,2,60,1,1,1,1,1,1,1,1,1,1,
9,6,55,2,0,1,1,1,1,1,1,1,1,1,1,
9,6,56,1,0,1,1,1,1,1,1,1,1,1,1,
9,6,57,1,30,0,0,1,1,1,1,0,1,0,1,
9,6,58,2,0,1,1,1,1,1,1,1,1,1,1,
9,6,59,1,30,0,0,1,1,1,1,1,1,0,1,
9,6,60,1,30,0,0,0,0,0,0,0,0,0,0,
9,6,61,1,0,1,1,1,1,1,1,1,1,1,1,
9,6,62,2,0,1,1,1,1,1,1,1,1,0,1,
9,6,63,1,30,0,0,0,0,0,0,0,0,0,0,
9,6,64,2,60,1,0,1,1,1,1,1,1,1,1,
9,6,65,1,0,0,0,1,0,1,1,0,1,0,1,
9,6,66,1,90,1,1,1,1,1,1,1,1,1,1,
9,6,67,1,0,1,1,1,1,1,1,1,1,1,1,
9,6,68,1,60,0,0,1,1,1,1,0,1,0,1,
9,6,69,1,60,1,1,1,1,1,1,1,1,1,1,
9,6,70,1,30,0,0,1,1,1,1,0,1,0,1,
4,1,1,1,90,1,1,1,1,1,1,1,1,1,1,
4,1,2,3,60,1,1,1,1,1,1,1,1,1,1,
4,1,3,3,30,1,1,1,1,1,1,1,1,1,1,
4,1,4,1,60,1,1,1,1,1,1,1,1,1,1,
4,1,5,1,90,1,1,1,1,1,1,1,1,1,1,
4,1,6,2,30,1,1,1,1,1,1,1,1,1,1,
4,1,7,3,0,1,1,1,1,1,1,1,1,1,1,
4,1,8,1,0,1,1,1,1,1,1,1,1,1,1,
4,1,9,2,30,1,1,1,1,1,1,1,1,1,1,
4,1,10,2,90,1,1,1,1,1,1,1,1,1,1,
4,1,11,1,60,1,1,1,1,1,1,1,1,1,1,
4,1,12,1,60,1,1,1,1,1,1,1,1,1,1,
4,1,13,1,30,1,1,1,1,1,1,1,1,1,1,
4,1,14,1,30,1,1,1,1,1,1,1,1,1,1,
4,1,15,1,0,1,1,1,1,1,1,1,1,0,1,
4,1,16,1,60,1,1,1,1,1,1,1,1,1,1,
4,1,17,1,0,1,1,1,1,1,1,0,1,1,1,
4,1,18,1,30,1,1,1,1,1,1,1,1,1,1,
4,1,19,1,0,1,1,1,1,1,1,1,1,1,1,
4,1,20,3,60,1,1,1,1,1,1,1,1,1,1,
4,2,21,1,30,1,1,1,1,1,1,1,1,1,1,
4,2,22,1,0,1,1,1,1,1,1,1,1,1,1,
4,2,23,1,90,1,0,1,1,1,1,1,0,1,1,
4,2,24,1,60,1,1,1,1,1,1,1,1,1,1,
4,2,25,2,30,1,1,1,1,1,1,1,1,1,1,
4,2,26,1,0,1,1,1,1,1,1,1,1,1,1,
4,2,27,2,30,1,1,1,1,1,1,1,1,1,1,
4,2,28,1,0,1,1,1,1,1,1,1,1,1,1,
4,2,29,2,30,1,1,1,1,1,1,1,1,1,1,
4,2,30,1,90,1,1,1,1,1,1,1,1,1,1,
4,2,31,1,30,1,1,1,1,1,1,1,1,1,1,
4,2,32,3,0,1,1,1,1,1,1,1,1,1,1,
4,2,33,0,60,1,1,1,1,1,1,1,0,1,1,
4,2,34,0,60,1,1,1,1,1,1,1,1,1,1,
4,2,35,1,60,1,1,1,1,1,1,1,1,1,1,
4,2,36,2,30,1,1,1,1,1,1,1,1,1,1,
4,2,37,3,0,1,1,1,1,1,1,1,1,1,1,
4,2,38,1,60,1,1,1,1,1,1,1,0,0,1,
4,2,39,2,0,1,1,1,1,1,1,1,1,1,1,
4,2,40,1,0,1,1,1,1,1,1,1,1,1,1,
4,2,41,3,90,1,1,1,1,1,1,1,1,1,1,
4,2,42,1,60,1,1,1,1,1,1,1,1,1,1,
4,2,43,1,90,1,1,1,1,1,1,1,1,1,1,
4,2,44,1,90,1,1,1,1,1,1,1,1,0,1,
4,2,45,1,0,1,1,1,1,1,1,1,1,1,1,
4,2,46,1,0,1,1,1,1,1,1,1,1,1,1,
4,2,47,1,0,1,1,1,1,1,1,1,1,1,1,
4,2,48,1,30,1,1,1,1,1,1,1,1,1,1,
4,3,49,1,60,1,1,1,1,1,1,1,1,1,1,
4,3,50,1,90,1,1,1,1,1,1,1,1,1,1,
4,3,51,2,30,1,1,1,1,1,1,1,1,1,1,
4,3,52,1,90,1,1,1,1,1,1,1,1,1,1,
4,3,53,3,0,1,1,1,1,1,1,1,1,1,1,
4,3,54,1,0,1,1,1,1,1,1,1,1,1,1,
4,3,55,3,60,1,1,1,1,1,1,1,1,1,1,
4,3,56,1,30,1,1,1,1,1,1,1,1,1,1,
4,3,57,3,30,1,0,1,1,1,1,1,1,0,1,
4,3,58,1,60,1,1,1,1,1,1,1,1,1,1,
4,3,59,1,60,1,1,1,1,1,1,1,0,1,1,
4,3,60,1,90,1,1,1,1,1,1,1,1,1,1,
4,3,61,2,0,1,1,1,1,1,1,1,1,1,1,
4,3,62,3,30,1,0,1,0,1,1,0,1,1,1,
4,3,63,1,30,1,1,1,1,1,1,1,1,1,1,
4,3,64,1,60,1,1,1,1,1,1,1,1,1,1,
4,3,65,1,90,1,1,1,1,1,1,1,1,1,1,
4,3,66,1,90,1,1,1,1,1,1,1,1,1,1,
4,3,67,1,0,1,1,1,1,1,1,1,1,1,1,
4,3,68,1,30,1,1,1,1,1,1,1,1,1,1,
4,3,69,2,30,1,1,1,1,1,1,1,1,1,1,
4,3,70,1,60,1,1,1,1,1,1,1,1,1,1,
4,4,71,3,30,1,1,1,1,1,1,1,1,1,1,
4,4,72,1,0,1,1,1,1,1,1,1,1,1,1,
4,4,73,0,30,1,1,1,1,1,1,1,1,1,1,
4,4,74,1,60,1,1,1,1,1,1,1,1,1,1,
4,4,75,1,90,1,1,1,1,1,1,1,1,1,1,
4,4,76,2,0,1,1,1,1,1,1,1,1,1,1,
4,4,77,1,30,1,1,1,1,1,1,1,1,1,1,
4,4,78,1,60,1,1,1,1,1,1,1,1,1,1,
4,4,79,1,60,1,1,1,1,1,1,1,1,1,1,
4,4,80,1,30,1,1,1,1,1,1,1,1,1,1,
4,4,81,3,30,1,1,1,1,1,1,1,1,1,1,
4,4,82,1,60,1,1,1,1,1,1,1,1,1,1,
4,4,83,3,30,1,1,1,1,1,1,1,1,1,1,
4,4,84,2,0,1,1,1,1,1,1,1,1,1,1,
4,4,85,1,30,1,1,1,1,1,1,1,1,1,1,
4,4,86,2,90,1,1,1,1,1,1,1,1,0,1,
4,4,87,1,90,1,1,1,1,1,1,1,1,1,1,
4,4,88,1,30,1,1,1,1,1,1,1,1,1,1,
4,4,89,1,90,1,1,1,1,1,1,1,1,1,1,
4,5,90,1,60,1,1,1,1,1,1,1,1,1,1,
4,5,91,2,0,1,1,1,1,1,1,1,1,1,1,
4,5,92,2,30,1,1,1,1,1,1,1,1,1,1,
4,5,93,1,30,1,1,1,1,1,1,1,1,1,1,
4,5,94,1,0,1,1,1,1,1,1,1,1,1,1,
4,5,95,1,0,1,1,1,1,1,1,1,1,1,1,
4,5,96,1,0,1,1,1,1,1,1,1,1,1,1,
4,5,97,1,30,1,1,1,1,1,1,1,1,1,1,
4,5,98,1,0,1,1,1,1,1,1,1,1,1,1,
4,5,99,1,30,1,1,1,1,1,1,1,1,1,1,
4,5,100,1,60,1,1,1,1,1,1,1,1,1,1,
4,5,101,3,60,1,0,1,1,1,1,1,1,0,1,
4,5,102,1,90,1,1,1,1,1,1,1,1,1,1,
4,5,103,1,0,1,1,1,1,1,1,1,1,1,1,
4,5,104,1,0,1,1,1,1,1,1,1,1,1,1,
4,5,105,3,30,1,1,1,1,1,1,1,1,1,1,
4,5,106,1,60,1,1,1,1,1,1,1,1,1,1,
4,5,107,2,60,1,1,1,1,1,1,0,1,1,1,
4,5,108,1,30,1,1,1,1,1,1,1,1,1,1,
4,5,109,2,30,1,1,1,1,1,1,1,1,1,1,
4,5,110,1,0,1,1,1,1,1,1,1,1,1,1,
4,5,111,3,30,1,1,1,1,1,1,1,1,1,1,
4,5,112,3,60,1,1,1,1,1,1,1,1,1,1,
4,5,113,3,0,1,1,1,1,1,1,1,1,1,1,
4,5,114,1,0,1,1,1,1,1,1,1,1,0,1,
4,5,115,1,0,1,1,1,1,1,1,1,1,1,1,
4,5,116,1,0,1,1,1,1,1,1,1,1,1,1,
4,5,117,1,30,0,0,1,1,1,1,1,1,0,1,
4,5,118,2,0,1,1,1,1,1,1,1,1,1,1,
4,5,119,1,30,1,1,1,1,1,1,1,1,1,1,
4,5,120,2,0,1,1,1,1,1,1,1,1,1,1,
4,5,121,3,30,1,1,1,1,1,1,1,1,1,1,
4,5,122,1,60,1,0,1,1,1,1,1,1,0,1,
4,5,123,1,30,1,1,1,1,1,1,1,1,1,1,
4,5,124,1,60,1,1,1,1,1,1,1,1,1,1,
4,6,125,1,30,1,1,1,1,1,1,1,1,1,1,
4,6,126,1,0,1,1,1,1,1,1,1,1,1,1,
4,6,127,3,0,1,1,1,1,1,1,1,1,1,1,
4,6,128,1,30,1,1,1,1,1,1,1,1,1,1,
4,6,129,1,30,1,1,1,1,1,1,1,1,1,1,
4,6,130,3,30,1,1,0,0,0,0,1,1,1,1,
4,6,131,1,30,1,1,1,1,1,1,1,1,1,1,
4,6,132,1,0,1,1,1,1,1,1,1,1,1,1,
4,6,133,1,30,1,1,1,1,1,1,1,1,1,1,
4,6,134,1,90,1,1,1,1,1,1,1,1,1,1,
4,6,135,2,30,1,1,1,1,1,1,0,1,0,1,
4,6,136,1,60,1,1,1,1,1,1,1,1,0,1,
4,6,137,3,30,1,1,1,1,1,1,1,1,1,1,
4,6,138,1,90,1,1,1,1,1,1,1,1,1,1,
4,6,139,1,30,1,1,1,1,1,1,1,1,1,1,
4,6,140,1,60,1,1,1,1,1,1,1,1,1,1,
4,6,141,1,90,1,1,1,1,1,1,1,1,1,1,
4,6,142,1,0,1,1,1,1,1,1,1,1,1,1,
4,6,143,1,60,1,1,1,1,1,1,1,1,1,1,
4,6,144,1,90,1,1,1,1,1,1,1,1,1,1,
4,6,145,1,0,1,1,1,1,1,1,1,1,1,1,
4,6,146,0,0,1,1,1,1,1,1,1,1,1,1,
4,6,147,1,0,1,1,1,1,1,1,1,1,1,1,
5,1,1,1,0,1,1,1,1,1,1,1,1,1,1,
5,1,2,3,0,1,1,1,1,1,1,1,1,1,1,
5,1,3,1,60,1,0,1,1,1,1,1,1,0,1,
5,1,4,1,30,1,1,1,1,1,1,1,1,1,1,
5,1,5,2,30,1,1,1,1,1,1,1,1,1,1,
5,1,6,3,30,0,0,1,1,1,1,1,1,0,1,
5,1,7,3,0,1,1,1,1,1,1,1,1,1,1,
5,1,8,1,90,1,1,1,1,1,1,1,1,1,1,
5,1,9,1,30,1,1,1,1,1,1,1,1,1,1,
5,1,10,1,0,1,0,1,1,1,1,1,1,0,1,
5,1,11,1,30,0,0,1,1,1,1,1,1,1,1,
5,1,12,3,30,1,1,1,1,1,1,1,1,1,1,
5,1,13,1,0,1,1,1,1,1,1,1,1,1,1,
5,2,14,1,0,1,1,1,1,1,1,1,1,1,1,
5,2,15,3,30,1,1,1,1,1,1,1,1,1,1,
5,2,16,2,0,1,1,1,1,1,1,1,1,1,1,
5,2,17,2,60,1,1,1,1,1,1,1,1,1,1,
5,2,18,3,60,0,0,1,1,1,1,1,1,0,1,
5,2,19,1,60,1,1,1,1,1,1,0,1,0,1,
5,2,20,2,0,1,1,1,1,1,1,1,1,1,1,
5,2,21,1,30,0,0,1,1,1,1,1,1,0,1,
5,2,22,3,30,1,1,1,1,1,1,1,1,1,1,
5,2,23,3,30,1,1,1,1,1,1,1,1,1,1,
5,2,24,1,0,1,1,1,1,1,1,1,1,1,1,
5,2,25,3,60,1,1,1,1,1,1,1,1,1,1,
5,2,26,2,30,1,1,1,1,1,1,0,1,1,1,
5,2,27,2,30,1,1,1,1,1,1,1,1,1,1,
5,2,28,1,0,1,1,1,1,1,1,1,1,1,1,
5,2,29,1,0,1,1,1,1,1,1,0,1,1,1,
5,2,30,1,90,1,1,1,1,1,1,1,1,1,1,
5,3,31,2,0,1,1,1,1,1,1,1,1,1,1,
5,3,32,2,0,1,1,1,1,1,1,1,1,1,1,
5,3,33,3,30,1,1,1,1,1,1,1,1,1,1,
5,3,34,3,30,1,1,1,1,1,1,1,1,1,1,
5,3,35,1,0,1,1,1,1,1,1,1,1,1,1,
5,3,36,1,0,1,1,1,1,1,1,1,1,1,1,
5,3,37,3,30,1,1,1,1,1,1,1,1,1,1,
5,3,38,3,60,1,1,1,1,1,1,1,1,1,1,
5,3,39,1,0,1,1,1,1,1,1,1,1,1,1,
5,4,40,3,0,1,1,1,1,1,1,1,1,1,1,
5,4,41,2,0,1,1,1,1,1,1,1,1,1,1,
5,4,42,1,30,1,1,1,1,1,1,1,1,1,1,
5,4,43,3,30,1,1,1,1,1,1,1,1,1,1,
5,4,44,1,60,1,1,1,1,1,1,1,1,1,1,
5,4,45,1,60,1,1,1,1,1,1,1,1,1,1,
5,4,46,3,30,1,1,1,1,1,1,1,1,1,1,
5,4,47,1,0,1,1,1,1,1,1,1,1,1,1,
5,4,48,1,0,1,1,1,1,1,1,1,1,1,1,
5,4,49,2,0,1,1,1,1,1,1,1,1,1,1,
5,4,50,2,60,1,1,1,1,1,1,1,1,1,1,
5,4,51,1,90,0,0,0,0,0,0,0,1,0,0,
5,5,52,2,30,1,1,1,1,1,1,1,1,1,1,
5,5,53,1,30,0,0,1,1,1,1,0,1,0,1,
5,5,54,1,30,1,1,1,1,1,1,1,1,1,1,
5,5,55,3,60,0,0,1,1,1,1,1,1,0,1,
5,5,56,3,0,1,1,1,1,1,1,0,1,0,1,
5,5,57,2,30,1,1,1,1,1,1,1,1,1,1,
5,5,58,1,0,1,1,1,1,1,1,1,1,1,1,
5,5,59,3,0,1,1,1,1,1,1,1,1,1,1,
5,5,60,2,30,1,0,1,1,1,1,1,1,0,1,
5,5,61,2,30,1,1,1,1,1,1,1,1,1,1,
5,5,62,1,90,1,1,1,1,1,1,1,1,1,1,
5,5,63,3,60,1,0,1,1,1,1,1,1,1,1,
5,5,64,3,0,1,1,1,1,1,1,1,1,1,1,
5,5,65,2,60,1,1,1,1,1,1,1,1,1,1,
5,5,66,1,0,1,1,1,1,1,1,1,1,1,1,
5,5,67,1,0,1,1,1,1,1,1,1,1,1,1,
5,5,68,2,30,1,0,1,0,1,1,1,1,0,1,
5,5,69,1,0,1,1,1,1,1,1,1,1,1,1,
5,6,70,1,60,1,1,1,1,1,1,1,1,1,1,
5,6,71,3,0,1,1,1,1,1,1,1,1,1,1,
5,6,72,3,30,0,0,1,1,1,1,1,1,0,1,
5,6,73,3,60,1,1,1,1,1,1,1,1,1,1,
5,6,74,2,0,1,1,1,1,1,1,1,1,1,1,
5,6,75,1,30,1,1,1,1,1,1,1,1,1,1,
5,6,76,1,30,1,1,1,1,1,1,1,1,1,1,
5,6,77,3,0,1,1,1,1,1,1,1,1,1,1,
5,6,78,3,30,1,1,1,1,1,1,1,1,1,1,
5,6,79,0,0,1,1,1,1,1,1,1,1,1,1,
5,6,80,1,90,1,1,1,1,1,1,0,1,1,1,
6,1,1,2,0,1,1,1,1,1,1,1,1,1,1,
6,1,2,1,0,1,1,1,1,1,1,1,1,1,1,
6,1,3,1,30,1,1,1,1,1,1,1,1,1,1,
6,1,4,1,0,1,1,1,1,1,1,1,1,1,1,
6,1,5,1,60,0,0,1,1,1,1,1,1,0,1,
6,1,6,1,0,1,1,1,1,1,1,1,1,1,1,
6,1,7,3,60,1,1,1,1,1,1,1,1,1,1,
6,1,8,2,0,1,1,1,1,1,1,1,1,1,1,
6,1,9,1,30,1,0,1,1,1,1,1,1,0,1,
6,1,10,2,0,1,1,1,1,1,1,1,1,1,1,
6,1,11,0,60,1,1,1,1,1,1,1,1,1,1,
6,1,12,1,0,1,1,1,1,1,1,1,1,1,1,
6,1,13,1,30,1,1,1,1,1,1,1,0,1,1,
6,1,14,1,0,1,1,1,1,1,1,1,1,1,1,
6,1,15,1,60,1,1,1,1,1,1,1,1,1,1,
6,2,16,3,0,1,1,1,1,1,1,1,1,1,1,
6,2,17,1,30,1,1,1,1,1,1,1,1,1,1,
6,2,18,3,30,1,1,1,1,1,1,1,1,1,1,
6,2,19,3,0,1,1,1,1,1,1,1,1,1,1,
6,2,20,3,60,0,0,1,1,1,1,1,1,0,1,
6,2,21,3,0,1,1,1,1,1,1,1,1,1,1,
6,2,22,2,30,1,1,1,1,1,1,1,1,1,1,
6,2,23,1,0,1,1,1,1,1,1,1,1,1,1,
6,2,24,1,30,1,1,1,1,1,1,1,1,1,1,
6,2,25,1,30,1,1,1,1,1,1,1,1,0,1,
6,2,26,1,30,1,1,1,1,1,1,1,1,1,1,
6,2,27,1,30,1,1,1,1,1,1,1,1,1,1,
6,2,28,0,60,1,1,1,1,1,1,1,1,1,1,
6,2,29,0,60,1,0,1,1,1,1,1,1,1,1,
6,3,30,1,0,1,1,1,1,1,1,1,1,1,1,
6,3,31,1,0,1,1,1,1,1,1,1,1,1,1,
6,3,32,1,90,1,1,1,1,1,1,1,1,1,1,
6,3,33,2,90,0,0,0,0,0,0,0,0,0,1,
6,3,34,1,0,1,1,1,1,1,1,1,1,0,1,
6,3,35,1,0,1,1,1,1,1,1,1,1,1,1,
6,3,36,1,0,1,1,1,1,1,1,1,1,1,1,
6,3,37,1,30,1,1,1,1,1,1,1,1,1,1,
6,3,38,1,30,1,1,1,1,1,1,1,1,1,1,
6,3,39,0,60,1,1,1,1,1,1,1,1,1,1,
6,3,40,1,90,1,1,1,1,1,1,1,1,1,1,
6,3,41,1,30,1,0,1,1,1,1,0,1,1,1,
6,3,42,1,30,1,1,1,1,1,1,1,1,1,1,
6,3,43,1,60,1,1,1,1,1,1,1,1,1,1,
6,3,44,1,0,1,1,1,1,1,1,1,1,1,1,
6,4,45,1,0,1,1,1,1,1,1,1,1,1,1,
6,4,46,1,30,1,1,1,1,1,1,1,1,1,1,
6,4,47,2,30,1,1,1,1,1,1,1,1,1,1,
6,4,48,3,0,1,1,1,1,1,1,1,1,1,1,
6,4,49,1,90,1,0,1,1,1,1,1,1,0,1,
6,4,50,1,0,1,1,1,1,1,1,1,1,1,1,
6,4,51,1,60,1,1,1,1,1,1,1,1,1,1,
6,4,52,1,30,1,1,1,1,1,1,1,1,1,1,
6,4,53,1,0,1,1,1,1,1,1,1,1,1,1,
6,4,54,1,60,1,1,1,1,1,1,1,1,0,1,
6,5,55,3,60,1,1,1,1,1,1,1,1,1,1,
6,5,56,3,0,1,1,1,1,1,1,1,1,1,1,
6,5,57,1,60,1,1,1,1,1,1,1,1,1,1,
6,5,58,2,90,1,1,1,1,1,1,1,1,1,1,
6,5,59,1,30,1,1,1,1,1,1,1,1,1,1,
6,5,60,3,0,1,1,1,1,1,1,1,1,1,1,
6,5,61,1,60,1,1,1,1,1,1,1,1,1,1,
6,5,62,1,60,1,1,1,1,1,1,1,1,1,1,
6,5,63,2,0,1,1,1,1,1,1,1,1,1,1,
6,5,64,2,0,1,1,1,1,1,1,1,1,1,1,
6,5,65,3,0,1,1,1,1,1,1,1,1,1,1,
6,5,66,1,30,0,0,1,0,1,0,1,1,0,1,
6,5,67,1,0,1,1,1,1,1,1,1,1,1,1,
6,5,68,1,30,1,1,1,1,1,1,1,1,0,1,
6,5,69,0,30,1,1,1,1,1,1,1,1,1,1,
6,6,70,1,60,1,1,1,1,1,1,1,1,1,1,
6,6,71,3,30,1,1,1,1,1,1,1,1,1,1,
6,6,72,1,30,1,1,1,1,1,1,1,1,1,1,
6,6,73,2,0,1,1,1,1,1,1,1,1,1,1,
6,6,74,1,0,1,1,1,1,1,1,1,1,1,1,
6,6,75,1,60,1,1,1,1,1,1,1,1,1,1,
6,6,76,1,90,1,0,1,1,1,1,1,1,1,1,
6,6,77,1,0,1,1,1,1,1,1,1,1,1,1,
6,6,78,0,30,1,1,1,1,1,1,1,1,1,1,
22,1,1,3,30,0,0,1,1,1,1,1,1,0,1,
22,1,2,1,0,1,1,1,1,1,1,1,1,1,1,
22,1,3,1,0,1,1,1,1,1,1,1,1,1,1,
22,1,4,3,30,1,1,1,1,1,1,1,1,1,1,
22,1,5,3,60,1,1,1,1,1,1,1,1,1,1,
22,1,6,1,30,1,1,1,1,1,1,1,1,1,1,
22,1,7,2,30,1,1,1,1,1,1,1,1,1,1,
22,1,8,1,0,1,1,1,1,1,1,1,1,1,1,
22,1,9,2,30,0,0,0,0,0,0,0,1,0,1,
22,1,10,1,0,1,1,1,1,1,1,1,1,0,1,
22,1,11,1,0,0,0,0,0,1,0,1,1,0,1,
22,1,12,1,30,1,1,1,1,1,1,1,1,0,1,
22,1,13,1,0,0,0,1,0,1,1,0,1,0,1,
22,2,14,1,0,1,1,1,1,1,1,1,1,1,1,
22,2,15,1,0,1,1,1,1,1,1,1,1,1,1,
22,2,16,1,0,1,0,1,0,1,0,1,1,0,1,
22,2,17,1,0,1,1,1,1,1,1,1,1,1,1,
22,2,18,1,30,0,0,0,0,0,0,0,1,0,0,
22,2,19,3,30,1,1,1,1,1,1,1,1,0,1,
22,2,20,1,30,0,0,1,1,1,1,1,1,0,1,
22,2,21,1,0,1,1,1,1,1,1,1,1,1,1,
22,2,22,1,0,1,1,1,1,1,1,1,1,1,1,
22,2,23,1,0,0,0,1,0,1,0,1,1,0,1,
22,2,24,1,0,1,1,1,1,1,1,1,1,1,1,
22,2,25,1,60,1,1,1,1,1,1,1,1,1,1,
22,2,26,1,0,1,1,1,1,1,1,1,1,1,1,
22,2,27,1,0,0,0,1,0,1,1,1,1,0,1,
22,2,28,1,0,1,0,1,0,1,0,1,1,0,1,
22,2,29,1,30,1,1,1,1,1,1,1,1,1,1,
22,3,30,3,0,0,0,0,0,0,0,0,1,0,0,
22,3,31,2,0,1,1,1,1,1,1,1,1,1,1,
22,3,32,1,0,1,1,1,1,1,1,1,1,1,1,
22,3,33,3,0,1,1,1,0,1,0,1,1,1,1,
22,3,34,3,30,1,1,1,1,1,1,1,1,1,1,
22,3,35,2,30,1,1,1,1,1,1,1,1,1,1,
22,3,36,1,0,1,1,1,1,1,1,1,1,1,1,
22,3,37,1,0,1,0,1,0,1,1,1,1,0,1,
22,3,38,1,60,0,0,1,0,1,0,1,1,0,1,
22,3,39,1,0,1,1,1,1,1,1,1,1,1,1,
22,4,40,3,0,1,1,1,1,1,1,1,1,1,1,
22,4,41,1,0,1,1,1,1,1,1,1,1,0,1,
22,4,42,1,0,1,1,1,1,1,1,1,1,1,1,
22,4,43,1,60,0,0,0,0,0,0,0,1,0,0,
22,4,44,1,0,1,1,1,1,1,1,1,1,1,1,
22,4,45,3,60,1,1,1,1,1,1,1,1,1,1,
22,4,46,1,0,0,0,0,0,0,0,0,1,0,0,
22,4,47,1,0,1,1,1,1,1,1,1,1,1,1,
22,4,48,1,0,1,1,1,1,1,1,1,1,1,1,
22,4,49,1,0,0,0,1,1,1,1,1,1,0,1,
22,4,50,1,0,1,1,1,1,1,1,1,1,1,1,
22,4,51,1,0,1,1,1,1,1,1,1,1,1,1,
22,5,52,3,30,1,1,1,1,1,1,1,1,1,1,
22,5,53,1,0,0,0,0,0,0,0,0,0,0,0,
22,5,54,1,30,0,0,0,0,0,0,0,1,0,1,
22,5,55,1,0,1,1,1,1,1,1,1,1,1,1,
22,5,56,1,0,1,1,1,1,1,1,1,1,0,0,
22,5,57,3,0,1,1,1,1,1,1,1,1,1,1,
22,5,58,1,0,1,1,1,1,1,1,1,1,1,1,
22,5,59,1,0,1,1,1,1,1,1,1,1,1,1,
22,5,60,3,0,0,0,1,1,1,1,1,1,0,1,
22,5,61,1,0,1,1,1,1,1,1,1,1,0,1,
22,6,62,1,0,1,1,1,1,1,1,1,1,1,1,
22,6,63,2,0,1,1,1,1,1,1,1,1,0,1,
22,6,64,1,0,1,1,1,1,1,1,1,1,1,1,
22,6,65,1,0,1,1,1,1,1,1,1,1,1,1,
22,6,66,1,30,0,0,0,0,1,0,0,1,0,1,
22,6,67,1,0,1,1,1,1,1,1,1,1,1,1,
22,6,68,1,30,0,0,0,0,0,0,0,1,0,0,
22,6,69,1,0,1,1,1,1,1,1,1,1,1,1,
22,6,70,1,0,1,1,1,1,1,1,1,1,0,1,
22,6,71,1,90,0,0,0,0,1,0,0,1,1,1,
22,6,72,1,30,0,0,0,0,0,0,0,1,0,0,
22,6,73,2,30,1,1,1,1,1,1,1,1,1,1,
22,6,74,3,0,1,1,1,1,1,1,1,1,1,1,
22,6,75,1,30,1,1,1,1,1,1,1,1,1,1,
22,6,76,3,90,0,0,0,0,0,0,0,1,0,0,
22,6,77,3,90,0,0,1,0,1,0,1,1,0,1,
22,6,78,1,0,1,1,1,1,1,1,1,1,1,1,
1,1,1,2,0,1,1,1,1,1,1,1,1,1,1,
1,1,2,1,30,1,1,1,1,1,1,1,1,1,1,
1,1,3,1,30,1,1,1,1,1,1,1,1,1,1,
1,1,4,1,90,1,1,1,1,1,1,1,1,1,1,
1,1,5,1,30,1,1,1,1,1,1,1,1,1,1,
1,1,6,3,0,1,1,1,1,1,1,1,1,1,1,
1,1,7,1,30,1,1,1,1,1,1,1,1,1,1,
1,1,8,0,60,1,1,1,1,1,1,1,1,1,1,
1,1,9,2,90,1,1,1,1,1,1,1,1,1,1,
1,1,10,1,30,1,1,1,1,1,1,1,1,1,1,
1,1,11,2,0,1,1,1,1,1,1,1,1,1,1,
1,1,12,1,60,1,1,1,1,1,1,1,1,1,1,
1,1,13,1,0,1,,,,,,,,,,
1,1,14,0,0,1,1,1,0,1,0,0,1,1,1,
1,1,15,1,0,1,1,1,1,1,1,1,1,1,1,
1,1,16,3,0,1,1,1,1,1,1,1,1,1,1,
1,1,17,3,0,1,1,1,1,1,1,1,1,1,1,
1,1,18,1,30,1,1,1,1,1,1,1,1,1,1,
1,1,19,1,0,1,1,1,1,1,1,1,1,1,1,
1,1,20,1,60,1,1,1,1,1,1,1,1,1,1,
1,1,21,1,60,1,1,1,1,1,1,1,1,1,1,
1,1,22,1,0,1,1,1,1,1,1,1,0,1,1,
1,1,23,3,30,1,1,1,1,1,1,1,1,1,1,
1,1,24,1,30,1,1,1,1,1,1,1,1,1,1,
1,1,25,1,0,1,1,1,1,1,1,1,1,1,1,
1,1,26,3,0,1,1,1,1,1,1,1,1,1,1,
1,1,27,2,0,1,1,1,1,1,1,1,1,1,1,
1,1,28,1,30,1,1,1,1,1,1,1,1,1,1,
1,1,29,1,0,1,1,1,1,1,1,1,1,1,1,
1,1,30,1,30,1,1,1,1,1,1,1,1,1,1,
1,1,31,1,90,1,1,1,1,1,1,1,0,1,1,
1,1,32,1,0,1,1,1,1,1,1,1,1,1,1,
1,2,33,1,0,1,1,1,1,1,1,1,1,1,1,
1,2,34,1,90,1,1,1,1,1,1,1,1,1,1,
1,2,35,1,30,1,1,0,0,0,0,0,1,1,1,
1,2,36,1,90,1,1,1,1,1,1,1,1,1,1,
1,2,37,1,30,1,1,1,1,1,1,1,1,1,1,
1,2,38,1,60,1,1,1,1,1,1,1,1,1,1,
1,2,39,2,30,1,1,1,1,1,1,1,1,1,1,
1,2,40,3,60,1,1,1,1,1,1,1,1,1,1,
1,2,41,1,60,1,1,1,1,1,1,1,1,1,1,
1,2,42,1,60,1,1,1,1,1,1,1,1,1,1,
1,2,43,1,30,1,1,1,1,1,1,1,1,1,1,
1,2,44,1,60,1,1,1,1,1,1,1,1,1,1,
1,2,45,1,60,1,1,1,1,1,1,1,1,1,1,
1,2,46,1,30,1,1,1,1,1,1,1,1,1,1,
1,2,47,1,60,1,1,1,1,1,1,1,1,1,1,
1,2,48,1,60,1,1,0,0,0,0,0,1,1,1,
1,2,49,1,90,1,1,1,1,1,1,1,1,1,1,
1,2,50,1,0,1,1,1,1,1,1,1,1,1,1,
1,2,51,1,60,1,1,1,1,1,1,1,1,1,1,
1,2,52,0,60,1,1,1,1,1,1,1,1,1,1,
1,2,53,2,0,1,1,1,1,1,1,1,1,1,1,
1,2,54,1,60,1,1,1,1,1,1,1,1,1,1,
1,2,55,1,0,1,1,1,0,1,0,1,1,1,1,
1,2,56,0,60,1,1,1,1,1,1,1,1,1,1,
1,2,57,1,60,1,1,1,1,1,1,1,1,1,1,
1,2,58,1,60,1,1,1,1,1,1,1,1,1,1,
1,2,59,1,0,1,1,1,1,1,1,1,1,1,1,
1,2,60,1,90,1,1,1,1,1,1,1,1,0,1,
1,3,61,3,30,1,1,1,1,1,1,1,1,1,1,
1,3,62,1,0,1,1,1,1,1,1,1,1,1,1,
1,3,63,2,90,1,1,1,1,1,1,1,1,1,1,
1,3,64,1,60,1,1,1,1,1,1,1,1,1,1,
1,3,65,2,30,1,1,1,1,1,1,1,1,1,1,
1,3,66,2,30,1,1,1,1,1,1,1,1,1,1,
1,3,67,1,30,0,0,1,1,1,1,0,1,0,1,
1,3,68,2,30,1,1,1,1,1,1,1,1,1,1,
1,3,69,3,0,1,1,1,1,1,1,1,1,1,1,
1,3,70,3,60,1,1,1,1,1,1,1,1,1,1,
1,3,71,1,0,1,1,1,1,1,1,1,1,1,1,
1,3,72,1,60,1,1,1,1,1,1,1,1,1,1,
1,3,73,1,90,1,1,1,1,1,1,1,1,1,1,
1,3,74,1,60,1,1,1,1,1,1,1,1,1,1,
1,3,75,2,60,1,1,1,1,1,1,1,1,1,1,
1,3,76,1,90,1,1,1,1,1,1,1,1,1,1,
1,3,77,3,90,1,1,1,1,1,1,1,1,1,1,
1,3,78,1,90,1,1,1,1,1,1,1,1,1,1,
1,3,79,1,90,1,1,1,1,1,1,1,1,1,1,
1,3,80,1,60,1,1,1,1,1,1,1,1,1,1,
1,3,81,1,90,1,1,1,1,1,1,1,1,1,1,
1,3,82,1,90,1,1,1,1,1,1,1,1,1,1,
1,3,83,1,60,1,1,1,1,1,1,1,1,1,1,
1,3,84,1,30,1,1,1,1,1,1,1,1,1,1,
1,3,85,3,0,1,1,1,1,1,1,1,1,1,1,
1,3,86,1,60,1,1,1,1,1,1,1,1,1,1,
1,4,87,1,30,1,1,1,1,1,1,1,1,1,1,
1,4,88,1,90,0,0,1,0,1,1,0,1,0,1,
1,4,89,3,60,1,1,1,1,1,1,1,1,1,1,
1,4,90,0,30,1,1,1,0,1,0,0,1,1,1,
1,4,91,3,0,1,1,1,1,1,1,1,1,1,1,
1,4,92,1,0,1,1,1,1,1,1,1,0,1,1,
1,4,93,1,0,1,1,1,1,1,1,1,1,1,1,
1,4,94,1,90,1,1,1,1,1,1,1,1,1,1,
1,4,95,1,0,1,1,1,1,1,1,1,1,1,1,
1,4,96,1,30,1,1,1,1,1,1,1,1,1,1,
1,4,97,1,0,1,1,1,1,1,1,1,1,1,1,
1,4,98,1,0,1,1,1,1,1,1,1,1,1,1,
1,4,99,1,60,1,1,1,1,1,1,1,1,1,1,
1,4,100,0,60,1,1,1,1,1,1,1,1,1,1,
1,4,101,3,0,1,1,1,1,1,1,1,1,1,1,
1,4,102,1,60,1,1,1,1,1,1,1,1,1,1,
1,4,103,3,0,1,1,1,1,1,1,1,1,1,1,
1,4,104,2,90,1,1,1,1,1,1,1,1,1,1,
1,4,105,1,30,1,1,1,1,1,1,1,1,1,1,
1,4,106,2,90,1,1,1,1,1,1,1,1,1,1,
1,4,107,1,90,1,1,1,1,1,1,1,1,1,1,
1,4,108,1,0,1,1,1,1,1,1,0,1,1,1,
1,5,109,2,30,1,1,1,1,1,1,1,1,1,1,
1,5,110,1,30,1,1,1,1,1,1,1,1,1,1,
1,5,111,2,60,1,1,1,1,1,1,1,1,1,1,
1,5,112,1,90,1,1,1,1,1,1,1,1,1,1,
1,5,113,1,90,1,1,1,1,1,1,1,1,1,1,
1,5,114,1,90,1,1,1,1,1,1,1,1,1,1,
1,5,115,1,30,1,1,1,0,1,0,1,1,1,1,
1,5,116,1,30,1,1,1,1,1,1,1,1,1,1,
1,5,117,3,60,1,1,1,1,1,1,1,1,1,1,
1,5,118,1,90,1,1,1,1,1,1,0,1,1,0,
1,5,119,1,0,1,1,1,1,1,1,1,1,1,1,
1,6,120,1,60,1,1,1,1,1,1,1,1,1,1,
1,6,121,1,90,1,1,1,1,1,1,1,1,1,1,
1,6,122,1,30,1,1,1,1,1,1,1,1,1,1,
1,6,123,1,90,1,1,1,1,1,1,1,1,1,1,
1,6,124,1,0,1,1,1,1,1,1,1,1,1,1,
1,6,125,2,60,1,1,1,1,1,1,1,1,1,1,
1,6,126,2,60,1,1,1,1,1,1,1,1,1,1,
1,6,127,3,60,1,1,1,1,1,1,1,1,1,1,
1,6,128,3,30,1,1,1,1,1,1,1,1,1,1,
1,6,129,3,60,1,1,1,1,1,1,1,1,1,1,
1,6,130,3,30,1,1,1,1,1,1,1,1,1,1,
1,6,131,3,0,1,1,1,1,1,1,1,1,1,1,
1,6,132,1,60,1,1,1,1,1,1,1,1,1,1,
1,6,133,1,90,1,1,1,1,1,1,1,1,1,1,
1,6,134,1,60,1,1,1,1,1,1,1,1,1,1,
1,6,135,3,0,1,1,1,1,1,1,1,1,1,1,
1,6,136,1,90,1,1,1,1,1,1,1,1,0,1,
1,6,137,3,0,1,1,1,1,1,1,1,1,1,1,
1,6,138,1,60,1,1,1,1,1,1,1,1,1,1,
1,6,139,1,90,1,1,1,1,1,1,0,1,1,1,
1,6,140,2,0,1,1,1,1,1,1,1,1,1,1,
1,6,141,1,0,1,1,1,1,1,1,1,1,1,1,
1,6,142,1,30,1,1,1,1,1,1,1,1,1,1,
1,6,143,0,30,1,1,1,1,1,1,1,1,1,1,
1,6,144,1,60,1,1,1,1,1,1,1,1,0,1,
1,6,145,1,0,1,1,1,1,1,1,1,1,1,1,
1,6,146,3,0,1,1,1,1,1,1,1,1,1,1,
1,6,147,1,30,1,1,1,1,1,1,1,1,1,1,
1,6,148,1,30,1,1,1,1,1,1,0,1,1,1,
1,6,149,1,60,1,1,0,0,1,0,0,0,1,1,
1,6,150,3,0,1,1,1,1,1,1,1,1,1,1,
1,6,151,1,60,1,1,1,1,1,1,0,1,1,1,
1,6,152,1,30,0,0,1,1,1,1,1,1,0,1,
1,6,153,0,30,1,1,1,1,1,1,1,1,1,1,
1,6,154,1,30,1,1,1,1,1,1,1,1,1,1,
1,6,155,1,0,1,1,1,1,1,1,1,1,1,1,
1,6,156,1,60,0,0,1,0,1,0,0,1,0,0,
1,6,157,1,0,1,1,1,1,1,1,1,1,1,1,
1,6,158,0,60,1,1,1,1,1,1,1,1,1,1,
2,1,1,2,60,1,1,1,1,1,1,1,1,1,1,
2,1,2,2,90,1,1,1,1,1,1,0,0,1,1,
2,1,3,2,60,1,1,1,1,1,1,1,1,1,1,
2,1,4,2,90,1,1,1,1,1,1,1,1,1,1,
2,1,5,2,90,1,1,1,1,1,1,1,0,1,1,
2,1,6,2,0,1,1,1,1,1,1,1,1,1,1,
2,1,7,2,0,1,1,1,1,1,1,1,1,1,1,
2,1,8,1,60,1,1,1,1,1,1,1,1,1,1,
2,1,9,2,0,1,1,1,1,1,1,1,1,1,1,
2,1,10,3,0,1,1,1,1,1,1,1,1,1,1,
2,1,11,2,30,1,1,1,1,1,1,1,1,1,1,
2,1,12,1,30,1,1,1,1,1,1,1,1,1,1,
2,1,13,2,30,1,1,1,1,1,1,1,1,1,1,
2,1,14,2,90,1,0,1,1,1,1,1,1,0,1,
2,1,15,2,30,1,1,1,1,1,1,1,1,1,1,
2,1,16,2,90,1,0,1,1,1,1,1,1,1,1,
2,6,17,1,60,1,0,1,1,1,1,1,1,0,1,
2,6,18,1,30,1,1,1,1,1,1,0,1,1,1,
2,6,19,1,0,1,0,1,1,1,1,1,1,1,1,
2,6,20,3,0,1,1,1,1,1,1,1,1,1,1,
2,6,21,2,60,1,1,1,1,1,1,1,1,1,1,
2,6,22,3,60,1,1,1,1,1,1,1,1,1,1,
2,6,23,2,0,1,1,1,1,1,1,1,1,1,1,
2,6,24,3,30,1,1,1,1,1,1,1,1,1,1,
2,6,25,2,90,1,1,1,1,1,1,1,1,1,1,
2,6,26,3,60,1,1,1,1,1,1,1,1,1,1,
2,6,27,3,30,0,0,1,1,1,1,1,1,1,1,
2,6,28,2,30,1,1,1,1,1,1,1,1,1,1,
2,6,29,2,0,1,1,1,1,1,1,0,1,1,1,
2,6,30,2,30,1,1,1,1,1,1,1,1,1,1,
2,6,31,2,60,1,1,1,1,1,1,1,1,1,1,
2,6,32,2,0,1,1,1,1,1,1,1,1,1,1,
2,6,33,2,30,1,1,1,1,1,1,1,1,1,1,
2,6,34,3,30,1,1,1,1,1,1,1,1,1,1,
2,6,35,2,30,1,1,1,1,1,1,1,1,1,1,
2,6,36,2,60,1,1,1,1,1,1,1,0,0,1,
2,6,37,2,30,1,1,1,1,1,1,1,1,1,1,
2,6,38,1,30,1,1,1,0,1,1,0,1,1,1,
2,6,39,1,30,1,1,1,1,1,1,1,1,1,1,
2,3,40,3,0,1,1,1,1,1,1,1,1,1,1,
2,3,41,2,30,1,1,1,1,1,1,1,0,0,1,
2,3,42,3,30,1,1,1,1,1,1,1,1,1,1,
2,3,43,2,60,1,1,1,1,1,1,1,1,1,1,
2,3,44,3,60,1,1,1,1,1,1,1,1,1,1,
2,3,45,2,0,1,1,1,1,1,1,1,1,1,1,
2,3,46,1,30,0,0,1,1,1,1,1,1,1,1,
2,3,47,2,0,1,1,1,1,1,1,1,1,1,1,
2,3,48,2,30,1,1,1,1,1,1,1,1,1,1,
2,3,49,2,30,0,0,1,1,1,1,1,1,0,1,
2,3,50,2,0,1,1,1,1,1,1,1,1,1,1,
2,3,51,2,60,1,1,1,1,1,1,1,1,1,1,
2,3,52,1,60,1,1,1,1,1,1,1,1,1,1,
2,3,53,2,60,1,1,1,1,1,1,1,1,1,1,
2,3,54,2,0,1,1,1,1,1,1,1,1,1,1,
2,3,55,1,60,1,1,1,1,1,1,1,1,1,1,
2,3,56,1,60,1,0,1,1,1,1,1,1,1,1,
2,3,57,2,30,1,1,1,1,1,1,1,1,1,1,
2,3,58,1,30,1,1,1,1,1,1,1,1,1,1,
2,3,59,2,90,1,1,1,1,1,1,1,1,1,1,
2,3,60,1,0,1,0,1,1,1,1,0,1,1,1,
2,3,61,2,30,1,1,1,1,1,1,1,1,1,1,
2,3,62,2,60,0,0,1,1,1,1,1,0,0,1,
2,3,63,2,60,1,1,1,1,1,1,1,1,1,1,
2,3,64,1,0,1,1,1,1,1,1,1,1,1,1,
2,3,65,1,90,1,1,1,1,1,1,1,1,1,1,
2,3,66,1,30,1,1,1,1,1,1,1,1,1,1,
2,4,67,3,30,1,1,1,1,1,1,1,1,1,1,
2,4,68,1,90,1,1,1,1,1,1,1,1,1,1,
2,4,69,2,0,1,1,1,1,1,1,1,1,1,1,
2,4,70,3,30,1,1,1,1,1,1,1,1,1,1,
2,4,71,1,30,1,0,1,1,1,1,1,1,1,1,
2,4,72,2,0,1,1,1,1,1,1,1,1,1,1,
2,4,73,2,90,0,0,1,1,1,1,1,0,0,1,
2,4,74,2,0,1,1,1,1,1,1,1,1,1,1,
2,4,75,2,90,1,1,1,1,1,1,1,1,1,1,
2,4,76,2,60,1,1,1,1,1,1,1,1,1,1,
2,4,77,2,90,1,1,1,1,1,1,1,1,1,1,
2,4,78,2,60,1,1,1,1,1,1,1,1,1,1,
2,4,79,3,30,1,1,1,1,1,1,1,1,1,1,
2,4,80,2,30,1,1,1,1,1,1,1,1,1,1,
2,4,81,2,0,1,1,1,1,1,1,1,1,1,1,
2,4,82,2,0,1,1,1,1,1,1,1,1,1,1,
2,4,83,2,60,1,1,1,1,1,1,1,0,1,1,
2,4,84,2,90,0,0,1,1,1,1,1,1,0,1,
2,4,85,2,90,1,1,1,1,1,1,1,1,1,1,
2,4,86,2,60,1,1,1,1,1,1,1,1,1,1,
2,4,87,2,60,1,1,1,1,1,1,1,1,1,1,
2,4,88,2,90,0,0,1,1,1,1,1,1,0,1,
2,5,89,2,30,1,1,1,1,1,1,1,1,1,1,
2,5,90,3,60,1,1,1,1,1,1,1,1,1,1,
2,5,91,2,0,1,1,1,1,1,1,1,1,1,1,
2,5,92,2,0,1,1,1,1,1,1,1,1,1,1,
2,5,93,1,60,1,1,1,1,1,1,0,1,1,0,
2,5,94,1,30,1,0,1,1,1,1,1,1,1,1,
2,5,95,2,60,1,1,1,1,1,1,1,1,1,1,
2,5,96,1,0,1,1,1,1,1,1,1,1,1,1,
2,5,97,2,0,1,1,1,1,1,1,1,1,1,1,
2,5,98,2,90,0,0,1,1,1,1,0,1,0,1,
2,5,99,1,30,1,1,1,1,1,1,1,1,1,1,
2,5,100,3,0,1,1,1,1,1,1,1,1,1,1,
2,5,101,2,60,1,1,1,1,1,1,0,1,1,1,
2,5,102,3,60,0,0,1,1,1,1,1,1,1,1,
2,5,103,3,30,1,1,1,1,1,1,1,1,1,1,
2,5,104,2,60,1,1,1,1,1,1,1,1,1,1,
2,5,105,2,90,0,0,1,1,1,1,0,1,0,1,
2,5,106,2,30,1,1,1,1,1,1,1,1,1,1,
2,5,107,2,60,1,1,1,1,1,1,1,1,1,1,
2,5,108,2,0,1,1,1,1,1,1,1,1,1,1,
8,1,1,1,0,0,0,1,1,1,1,1,1,0,1,
8,1,2,1,0,1,1,1,1,1,1,1,1,1,1,
8,1,3,1,60,1,1,1,1,1,1,1,1,1,1,
8,1,4,1,60,1,1,1,1,1,1,1,1,0,1,
8,1,5,1,0,1,1,1,1,1,1,1,1,1,1,
8,1,6,2,60,1,1,1,1,1,1,1,1,1,1,
8,1,7,2,120,1,1,1,1,1,1,1,1,1,1,
8,1,8,3,0,1,1,1,1,1,1,1,1,1,1,
8,1,9,1,30,1,1,1,1,1,1,1,1,1,1,
8,1,10,3,0,1,1,1,1,1,1,1,1,1,1,
8,1,11,3,90,1,1,1,1,1,1,1,1,1,1,
8,1,12,2,90,1,1,1,1,1,1,1,1,1,1,
8,1,13,1,0,1,1,1,1,1,1,1,1,1,1,
8,1,14,2,30,1,1,1,1,1,1,1,1,1,1,
8,1,15,2,60,1,1,1,1,1,1,1,1,1,1,
8,1,16,3,30,1,1,1,1,1,1,1,1,1,1,
8,1,17,1,90,1,1,1,1,1,1,1,1,1,1,
8,1,18,1,60,0,1,0,1,1,1,1,1,0,1,
8,1,19,2,30,0,1,0,1,1,1,1,1,0,1,
8,1,20,2,0,1,1,1,1,1,1,1,1,0,1,
8,1,21,1,120,1,1,1,1,1,1,1,1,1,1,
8,1,22,3,0,0,1,0,1,1,1,1,1,0,1,
8,2,23,3,30,1,1,1,1,1,1,1,1,1,1,
8,2,24,2,60,1,1,1,1,1,1,1,1,1,1,
8,2,25,1,0,1,1,1,1,1,1,1,1,1,1,
8,2,26,2,60,1,1,1,1,1,1,1,1,1,1,
8,2,27,3,0,1,1,1,1,1,1,1,1,1,1,
8,2,28,1,0,1,1,1,1,1,1,1,1,1,1,
8,2,29,3,0,1,1,1,1,1,1,1,1,1,1,
8,2,30,1,30,1,1,1,1,1,1,1,1,1,1,
8,2,31,2,120,1,1,1,1,1,1,1,1,1,1,
8,2,32,1,0,1,1,1,1,1,1,1,1,0,1,
8,2,33,3,60,1,1,1,1,1,1,1,1,1,1,
8,2,34,1,60,1,1,1,1,1,1,1,1,1,1,
8,2,35,1,0,1,1,1,1,1,1,1,1,1,1,
8,2,36,3,60,1,1,1,1,1,1,1,1,1,1,
8,2,37,3,60,0,0,1,1,1,1,1,1,0,1,
8,2,38,1,0,1,1,1,1,1,1,1,1,1,1,
8,2,39,1,60,1,1,1,1,1,1,1,1,o,1,
8,2,40,2,0,1,1,1,1,1,1,1,1,1,1,
8,2,41,1,0,1,1,1,1,1,1,1,1,1,1,
8,2,42,1,60,1,1,1,1,1,1,1,1,o,1,
8,2,43,1,120,1,1,1,1,1,1,1,1,1,1,
8,2,44,1,60,0,0,1,0,1,1,1,1,0,1,
8,2,45,1,30,0,0,1,0,1,1,0,1,0,1,
8,2,46,3,0,0,0,1,1,1,1,1,1,0,1,
8,3,47,3,120,1,1,1,0,1,1,1,1,0,1,
8,3,48,3,0,1,1,1,1,1,1,1,1,1,1,
8,3,49,2,30,1,1,1,1,1,1,1,1,1,1,
8,3,50,3,30,1,1,1,1,1,1,1,1,1,1,
8,3,51,3,30,1,1,1,1,1,1,1,1,1,1,
8,3,52,1,60,1,1,1,1,1,1,1,1,1,1,
8,3,53,1,30,1,1,1,1,1,1,1,1,1,1,
8,3,54,3,30,1,1,1,1,1,1,1,1,1,1,
8,3,55,2,0,1,1,1,1,1,1,1,1,1,1,
8,3,56,3,0,1,1,1,1,1,1,1,1,1,1,
8,3,57,2,0,1,1,1,1,1,1,1,1,1,1,
8,3,58,2,120,1,1,1,1,1,1,1,1,1,1,
8,3,59,2,30,1,1,1,1,1,1,1,1,1,1,
8,3,60,1,0,1,1,1,1,1,1,1,1,1,1,
8,3,61,3,0,1,1,1,1,1,1,1,1,0,1,
8,3,62,3,30,1,1,1,1,1,1,1,1,1,1,
8,3,63,0,60,1,1,1,1,1,1,1,1,1,1,
8,3,64,1,30,1,1,1,1,1,1,0,1,1,1,
8,4,65,2,30,1,1,1,1,1,1,1,1,1,,
8,4,66,3,0,1,1,1,1,1,1,1,1,1,,
8,4,67,1,30,1,1,1,1,1,1,1,1,1,,
8,4,68,2,0,1,1,1,1,1,1,1,1,1,,
8,4,69,2,0,1,1,1,1,1,1,1,1,1,,
8,4,70,1,120,1,1,1,1,1,1,1,1,1,,
8,4,71,1,30,0,0,0,0,0,0,0,1,0,1,
8,4,72,2,0,1,1,1,1,1,1,1,1,1,,
8,4,73,1,60,0,0,0,0,0,0,0,0,0,1,
8,4,74,3,0,1,1,1,1,1,1,0,1,0,1,
8,4,75,3,30,1,1,1,1,1,1,0,1,0,1,
8,4,76,1,0,1,1,1,1,1,1,1,1,1,,
8,4,77,1,60,1,1,1,1,1,1,1,1,1,,
8,4,78,3,60,1,1,1,1,1,1,1,1,1,,
8,4,79,3,0,1,1,1,1,1,1,1,1,1,,
8,4,80,1,30,0,0,1,0,1,0,0,1,0,1,
8,4,81,2,0,0,0,1,1,1,1,1,1,0,1,
8,4,82,1,30,1,1,1,1,1,1,1,1,1,,
8,4,83,2,30,1,1,1,1,1,1,1,1,1,,
8,4,84,1,0,1,1,1,1,1,1,1,1,0,1,
8,4,85,3,30,1,1,1,1,1,1,1,1,1,1,
8,4,86,3,0,1,1,1,1,1,1,1,1,1,1,
8,4,87,2,120,1,1,1,1,1,1,1,1,1,1,
8,5,88,1,0,1,1,1,1,1,1,1,1,1,1,
8,5,89,3,0,1,1,1,1,1,1,1,1,1,1,
8,5,90,3,0,1,1,1,1,1,1,1,1,1,1,
8,5,91,3,60,1,1,1,1,1,1,1,1,1,1,
8,5,92,3,60,1,1,1,1,1,1,1,1,0,1,
8,5,93,2,0,1,1,1,1,1,1,1,1,1,1,
8,5,94,1,120,0,0,1,1,1,1,1,1,0,1,
8,5,95,1,0,1,1,1,1,1,1,1,1,1,1,
8,5,96,3,90,1,0,1,1,1,1,1,1,0,1,
8,5,97,1,0,1,1,1,1,1,1,1,1,1,1,
8,5,98,1,90,1,1,1,1,1,1,1,1,1,1,
8,5,99,1,30,1,1,1,1,1,1,1,1,1,1,
8,5,100,2,30,0,0,1,1,1,1,1,1,0,1,
8,5,101,1,0,1,1,1,1,1,1,0,1,1,1,
8,5,102,2,30,1,1,1,1,1,1,1,1,1,1,
8,5,103,1,0,0,0,1,0,1,0,0,1,0,1,
8,5,104,2,0,1,1,1,1,1,1,1,1,0,1,
8,5,105,2,60,1,1,1,1,1,1,1,1,1,1,
8,5,106,2,60,1,1,1,1,1,1,1,1,1,1,
8,5,107,2,0,1,1,1,1,1,1,0,1,1,1,
8,5,108,3,90,0,0,1,0,1,0,0,1,0,1,
8,5,109,3,0,1,1,1,1,1,1,1,1,1,1,
8,5,110,2,0,0,0,1,0,1,0,0,0,0,1,
8,5,111,2,90,1,1,1,1,1,1,0,1,1,1,
8,5,112,2,120,1,1,1,1,1,1,0,1,0,0,
8,5,113,1,30,1,1,1,0,1,1,1,1,1,1,
8,5,114,1,60,1,1,1,1,1,1,1,1,1,1,
8,5,115,1,30,1,1,1,1,1,1,1,1,0,1,
8,5,116,1,60,0,0,1,1,1,1,0,1,0,1,
8,6,117,2,30,1,1,1,1,1,1,1,1,1,1,
8,6,118,1,0,1,1,1,1,1,1,1,1,1,1,
8,6,119,3,0,1,1,1,1,1,1,1,1,1,1,
8,6,120,2,0,1,1,1,1,1,1,1,1,1,1,
8,6,121,3,0,1,1,1,1,1,1,1,1,1,1,
8,6,122,3,0,1,1,1,1,1,1,1,1,1,1,
8,6,123,1,30,1,1,1,1,1,1,1,1,1,1,
8,6,124,3,120,1,1,1,1,1,1,1,1,1,1,
8,6,125,1,0,1,1,1,1,1,1,1,1,1,1,
8,6,126,1,0,1,0,0,1,1,1,1,1,1,1,
8,6,127,1,0,1,1,1,1,1,1,1,1,1,1,
8,6,128,1,30,1,1,1,1,1,1,1,1,1,1,
8,6,129,1,0,1,1,1,1,1,1,1,1,1,1,
8,6,130,1,30,1,1,1,1,1,1,1,1,1,1,
8,6,131,2,90,1,1,1,1,1,1,1,1,1,1,
8,6,132,3,90,1,1,1,1,1,1,1,1,1,1,
8,6,133,2,30,0,0,1,1,1,1,1,1,1,1,
8,6,134,3,30,1,1,1,1,1,1,1,1,1,1,
8,6,135,2,60,1,1,1,1,1,1,0,0,1,1,
8,6,136,3,0,1,1,1,1,1,1,1,1,1,1,
8,6,137,3,0,1,1,1,1,1,1,1,1,1,1,
8,6,138,1,0,1,1,1,1,1,1,1,1,0,1,
8,6,139,1,90,0,0,1,1,1,1,1,1,0,1,
8,6,140,2,60,1,1,1,1,1,1,1,1,1,1,
8,6,141,3,0,1,1,1,1,1,1,1,1,1,1,
8,6,142,3,60,1,1,1,1,1,1,1,1,1,1,
8,6,143,3,90,0,0,0,0,0,0,0,0,0,0,
8,6,144,1,0,1,1,1,1,1,1,1,1,0,1,
8,6,145,2,120,1,1,1,1,1,1,1,0,1,1,
8,6,146,2,60,1,1,1,1,1,1,1,1,1,1,
8,6,147,1,30,1,1,1,1,1,1,1,1,1,1,
8,6,148,3,30,1,1,1,1,1,1,1,1,1,1,
7,1,1,3,0,1,1,1,1,1,1,1,1,1,1,
7,1,2,2,0,1,1,1,1,1,1,1,1,1,1,
7,1,3,1,30,1,1,1,1,1,1,1,1,1,1,
7,1,4,3,60,1,1,1,1,1,1,1,1,1,1,
7,1,5,1,60,1,1,1,1,1,1,1,1,1,1,
7,1,6,1,0,1,1,1,1,1,1,1,1,1,1,
7,1,7,2,0,1,0,1,1,1,1,1,1,1,1,
7,1,8,1,60,1,0,1,1,1,1,1,1,0,1,
7,1,9,2,90,1,1,1,1,1,1,1,1,1,1,
7,1,10,3,0,1,1,1,1,1,1,1,1,1,1,
7,1,11,3,0,1,1,1,1,1,1,1,1,1,1,
7,1,12,3,90,1,0,1,1,1,1,1,1,0,1,
7,1,13,1,0,1,1,1,1,1,1,1,1,1,1,
7,1,14,2,60,1,1,1,1,1,1,1,1,1,1,
7,1,15,1,0,1,1,1,1,1,1,1,1,1,1,
7,1,16,3,30,1,1,1,1,1,1,1,1,1,1,
7,2,17,2,0,1,1,1,1,1,1,1,1,1,1,
7,2,18,2,0,1,1,1,1,1,1,1,1,1,1,
7,2,19,1,30,1,1,1,1,1,1,1,1,1,1,
7,2,20,3,30,1,1,1,1,1,1,1,1,1,1,
7,2,21,3,30,1,1,1,1,1,1,1,1,1,1,
7,2,22,1,90,1,1,1,1,1,1,1,1,1,1,
7,2,23,1,0,1,1,1,1,1,1,1,1,1,1,
7,2,24,2,60,1,1,1,1,1,1,1,1,1,1,
7,2,25,1,60,1,1,1,1,1,1,1,1,1,1,
7,2,26,1,30,1,1,1,1,1,1,1,1,1,1,
7,2,27,1,0,1,1,1,1,1,1,1,1,1,1,
7,2,28,1,0,1,1,1,1,1,1,1,1,1,1,
7,2,29,3,120,1,1,1,1,1,1,1,1,1,1,
7,2,30,1,0,1,1,1,1,1,1,1,1,1,1,
7,2,31,3,0,1,1,1,1,1,1,1,1,1,1,
7,2,32,3,90,1,0,1,1,1,1,1,1,0,1,
7,2,33,2,0,1,1,1,1,1,1,1,1,1,1,
7,2,34,1,60,1,1,1,1,1,1,1,1,1,1,
7,2,35,2,0,1,1,1,1,1,1,1,1,1,1,
7,2,36,2,90,1,1,1,1,1,1,1,1,1,1,
7,2,37,2,60,1,1,1,1,1,1,1,1,1,1,
7,2,38,1,90,1,1,1,1,1,1,1,1,1,1,
7,3,39,3,60,1,1,1,1,1,1,1,1,1,1,
7,3,40,1,0,1,1,1,1,1,1,1,1,1,0,
7,3,41,1,30,1,1,1,1,1,1,1,1,1,1,
7,3,42,3,120,1,1,1,1,1,1,1,1,1,1,
7,3,43,2,30,1,1,1,1,1,1,1,1,1,1,
7,3,44,2,90,1,1,1,1,1,1,1,1,1,1,
7,3,45,2,0,1,1,1,1,1,1,1,1,1,1,
7,3,46,2,0,1,1,1,1,1,1,1,1,0,1,
7,3,47,2,120,1,1,1,1,1,1,1,1,1,1,
7,3,48,1,90,1,1,1,1,1,1,1,1,1,1,
7,3,49,1,0,1,1,1,1,1,1,1,1,1,1,
7,4,50,3,0,1,1,1,1,1,1,1,1,1,1,
7,4,51,3,0,1,1,1,1,1,1,1,1,1,1,
7,4,52,1,0,1,1,1,1,1,1,1,1,1,1,
7,4,53,1,90,1,1,1,1,1,1,1,1,1,1,
7,4,54,1,90,0,0,1,0,1,0,1,1,0,1,
7,4,55,1,120,1,1,1,1,1,1,1,1,1,1,
7,4,56,1,0,1,1,1,1,1,1,1,1,1,1,
7,4,57,2,30,1,1,1,1,1,1,1,1,1,1,
7,4,58,2,30,1,1,1,1,1,1,1,1,1,1,
7,4,59,1,0,1,1,1,1,1,1,1,1,1,1,
7,5,60,2,120,1,1,1,1,1,1,1,1,1,1,
7,5,61,3,30,1,1,1,1,1,1,1,1,1,1,
7,5,62,2,60,1,1,1,1,1,1,1,1,1,1,
7,5,63,1,30,1,1,1,1,1,1,1,1,1,1,
7,5,64,3,0,1,1,1,1,1,1,1,1,1,1,
7,5,65,1,30,1,1,1,1,1,1,1,1,1,1,
7,5,66,2,0,1,1,1,1,1,1,1,1,1,1,
7,5,67,3,0,1,1,1,1,1,1,1,1,1,1,
7,5,68,1,60,0,0,1,0,0,0,0,1,0,1,
7,5,69,2,60,1,1,1,1,1,1,1,1,1,1,
7,5,70,2,0,1,1,1,1,1,1,1,1,0,1,
7,5,71,1,30,1,1,1,1,1,1,1,1,1,1,
7,5,72,1,30,1,1,1,1,1,1,1,1,1,1,
7,5,73,1,30,1,1,1,1,1,1,1,1,1,1,
7,5,74,3,60,1,1,1,1,1,1,1,1,1,1,
7,5,75,2,0,1,1,1,1,1,1,1,1,1,1,
7,5,76,3,90,1,1,1,1,1,1,1,1,1,1,
7,5,77,2,60,1,1,1,1,1,1,1,1,1,1,
7,5,78,1,30,1,1,1,1,1,1,1,1,1,1,
7,5,79,1,0,1,1,1,1,1,1,1,1,1,1,
7,5,80,2,60,1,1,1,1,1,1,1,1,1,1,
7,5,81,1,60,1,1,1,1,1,1,1,1,1,1,
7,5,82,2,30,1,1,1,1,1,1,1,1,1,1,
7,5,83,2,90,1,1,1,1,1,1,1,1,1,1,
7,5,84,1,120,1,1,1,1,1,1,1,1,1,1,
7,5,85,3,0,1,1,1,1,1,1,1,1,1,1,
7,5,86,1,30,1,1,1,1,1,1,1,1,0,1,
7,5,87,1,0,1,0,1,1,1,1,0,1,1,1,
7,6,88,2,0,1,1,1,1,1,1,1,1,1,1,
7,6,89,1,30,1,1,1,1,1,1,1,1,1,1,
7,6,90,3,30,1,1,1,1,1,1,1,1,1,1,
7,6,91,3,0,1,1,1,1,1,1,1,1,1,1,
7,6,92,1,90,1,1,1,1,1,1,0,1,1,1,
7,6,93,3,120,1,1,1,1,1,1,1,1,1,1,
7,6,94,1,30,1,1,1,1,1,1,1,1,1,1,
7,6,95,3,0,1,1,1,1,1,1,1,1,1,1,
7,6,96,1,90,1,1,1,1,1,1,1,1,1,1,
7,6,97,2,30,1,1,1,1,1,1,1,1,1,1,
7,6,98,1,30,1,1,1,1,1,1,1,1,1,1,
7,6,99,3,90,1,0,1,1,1,1,1,1,0,1,
7,6,100,3,30,1,1,1,1,1,1,1,1,1,1,
7,6,101,2,0,1,1,1,1,1,1,1,1,1,1,
7,6,102,1,120,1,1,1,1,1,1,1,1,1,1,
7,6,103,1,90,1,1,1,1,1,1,1,1,1,1,
7,6,104,3,0,1,1,1,1,1,1,1,1,1,1,
7,6,105,1,30,1,1,1,1,1,1,1,1,1,1,
3,1,1,1,60,1,1,1,1,1,1,1,1,1,1,
3,1,2,1,30,1,1,1,1,1,1,1,1,1,1,
3,1,3,2,90,1,1,1,1,1,1,1,1,1,1,
3,1,4,1,30,1,1,1,1,1,1,1,1,1,1,
3,1,5,1,60,1,1,1,1,1,1,1,1,1,1,
3,1,6,1,60,1,1,1,1,1,1,1,1,1,1,
3,1,7,2,30,1,0,1,1,1,1,1,1,1,1,
3,1,8,1,30,1,1,1,1,1,1,1,1,1,1,
3,1,9,1,30,1,0,1,1,1,1,0,1,1,1,
3,1,10,1,90,1,1,1,1,1,1,1,1,1,1,
3,1,11,1,60,1,1,1,1,1,1,1,1,1,1,
3,1,12,1,30,1,1,1,1,1,1,1,1,1,1,
3,1,13,1,60,1,1,1,1,1,1,1,1,1,1,
3,1,14,2,0,1,1,1,1,1,1,1,1,1,1,
3,1,15,2,60,1,1,1,1,1,1,1,1,1,1,
3,1,16,1,0,1,0,1,1,1,1,1,1,1,1,
3,1,17,2,30,1,1,1,1,1,1,1,1,1,1,
3,1,18,2,90,1,1,1,1,1,1,1,1,1,1,
3,1,19,2,30,1,1,1,1,1,1,1,1,1,1,
3,1,20,1,30,1,1,1,1,1,1,1,1,1,1,
3,1,21,1,0,1,1,1,1,1,1,1,1,1,1,
3,1,22,1,60,1,1,1,1,1,1,1,1,1,1,
3,1,23,2,0,1,1,1,1,1,1,1,1,1,1,
3,2,24,3,60,1,1,1,1,1,1,1,1,1,1,
3,2,25,1,90,1,1,1,1,1,1,1,1,1,1,
3,2,26,1,30,1,1,1,1,1,1,1,1,1,1,
3,2,27,1,30,1,1,1,1,1,1,1,1,1,1,
3,2,28,1,30,1,1,1,1,1,1,1,1,1,1,
3,2,29,1,0,1,1,1,1,1,1,1,1,1,1,
3,2,30,1,60,1,1,1,1,1,1,1,1,1,1,
3,2,31,1,60,1,1,1,1,1,1,1,1,1,1,
3,2,32,1,30,1,1,1,1,1,1,1,1,1,1,
3,2,33,1,90,1,1,1,1,1,1,1,1,1,1,
3,2,34,2,0,1,1,1,1,1,1,1,1,1,1,
3,2,35,1,30,1,0,1,0,1,0,1,1,0,1,
3,2,36,1,90,1,1,1,1,1,1,1,1,1,1,
3,2,37,1,30,1,1,1,1,1,1,1,1,1,1,
3,2,38,1,30,1,1,1,1,1,1,1,1,1,1,
3,2,39,2,90,1,1,1,1,1,1,1,1,1,1,
3,2,40,3,30,1,1,1,1,1,1,1,1,1,1,
3,2,41,1,90,1,1,1,1,1,1,1,1,1,1,
3,2,42,2,30,1,1,1,1,1,1,1,1,1,1,
3,2,43,1,90,1,1,1,1,1,1,1,1,1,1,
3,2,44,1,30,1,1,1,1,1,1,1,1,1,1,
3,2,45,2,30,1,1,1,1,1,1,1,1,1,1,
3,2,46,2,90,1,1,1,1,1,1,1,1,1,1,
3,2,47,1,90,1,1,1,1,1,1,1,1,1,1,
3,2,48,1,30,1,1,1,1,1,1,1,1,1,1,
3,2,49,1,60,1,1,1,1,1,1,1,1,1,1,
3,3,50,3,60,1,1,1,1,1,1,0,1,1,1,
3,3,51,3,60,1,1,1,1,1,1,1,1,1,1,
3,3,52,3,0,1,1,1,1,1,1,1,1,1,1,
3,3,53,2,0,1,1,1,1,1,1,1,1,1,1,
3,3,54,1,0,1,1,1,1,1,1,1,1,0,1,
3,3,55,1,60,1,1,1,1,1,1,1,1,1,1,
3,3,56,2,60,1,1,1,1,1,1,1,1,1,1,
3,3,57,3,60,1,1,1,1,1,1,1,1,1,1,
3,3,58,1,30,1,0,1,1,1,1,1,1,0,1,
3,3,59,1,60,1,1,1,1,1,1,0,1,1,1,
3,3,60,2,90,1,1,1,1,1,1,1,1,1,1,
3,3,61,2,90,1,1,1,1,1,1,1,1,1,1,
3,3,62,2,60,1,1,1,1,1,1,1,1,1,1,
3,3,63,3,60,1,1,1,1,1,1,1,1,1,1,
3,3,64,2,60,1,1,1,1,1,1,1,1,1,1,
3,3,65,1,30,1,0,1,1,1,1,1,1,0,1,
3,3,66,1,60,0,0,0,0,0,0,0,0,0,0,
3,3,67,1,30,1,1,1,1,1,1,1,1,1,1,
3,3,68,3,0,1,1,1,1,1,1,1,1,1,1,
3,3,69,1,30,1,1,1,1,1,1,1,1,1,1,
3,3,70,1,90,1,1,1,1,1,1,1,1,1,1,
3,3,71,1,30,1,1,1,1,1,1,1,1,0,1,
3,3,72,1,30,1,1,1,1,1,1,1,1,1,1,
3,3,73,1,30,1,1,1,1,1,1,1,1,1,1,
3,3,74,1,30,1,1,1,1,1,1,1,1,1,1,
3,3,75,1,30,1,1,1,1,1,1,1,1,1,1,
3,3,76,1,30,1,1,1,1,1,1,1,1,1,1,
3,4,77,2,90,1,1,1,1,1,1,1,1,1,1,
3,4,78,1,60,1,1,1,1,1,1,1,1,1,1,
3,4,79,3,30,1,1,1,1,1,1,1,1,1,1,
3,4,80,1,90,1,1,1,1,1,1,1,1,1,1,
3,4,81,1,30,0,0,0,0,0,0,0,0,0,0,dead
3,4,82,1,0,1,1,1,1,1,1,1,1,1,1,
3,4,83,1,30,1,1,1,1,1,1,1,1,1,1,
3,4,84,1,90,1,1,1,1,1,1,1,1,1,1,
3,4,85,1,60,1,1,1,1,1,1,1,1,1,1,
3,4,86,2,90,1,1,1,1,1,1,1,1,1,1,
3,4,87,1,60,1,1,1,1,1,1,1,1,1,1,
3,4,88,1,90,1,1,1,1,1,1,1,1,1,1,
3,4,89,3,60,1,1,1,1,1,1,1,1,0,1,
3,4,90,2,0,1,1,1,1,1,1,1,1,1,1,
3,4,91,3,0,1,1,1,1,1,1,1,1,1,1,
3,4,92,1,60,1,1,1,1,1,1,1,1,1,1,
3,4,93,1,0,1,1,1,1,1,1,1,1,1,1,
3,4,94,2,90,1,1,1,1,1,1,1,1,1,1,
3,4,95,1,90,1,1,1,1,1,1,1,1,1,1,
3,4,96,1,60,1,0,1,1,1,1,1,1,0,1,
3,4,97,3,60,1,1,1,1,1,1,1,1,1,1,
3,4,98,2,90,1,1,1,1,1,1,1,1,1,1,
3,4,99,2,60,1,1,1,1,1,1,1,1,1,1,
3,4,100,1,30,1,1,1,1,1,1,1,1,1,1,
3,4,101,1,90,1,1,1,1,1,1,1,1,1,1,
3,4,102,2,90,0,0,0,0,0,0,0,0,0,0,
3,4,103,2,30,1,1,1,1,1,1,1,1,1,1,
3,4,104,1,60,1,1,1,1,1,1,1,1,1,0,
3,4,105,1,30,1,1,1,1,1,1,1,1,1,1,
3,4,106,1,90,1,1,1,1,1,1,0,1,0,1,
3,4,107,1,90,1,1,1,1,1,1,1,1,1,1,
3,4,108,1,30,1,1,1,1,1,1,1,1,1,1,
3,5,109,1,30,1,1,1,1,1,1,1,1,1,1,
3,5,110,3,60,1,1,1,1,1,1,1,1,1,1,
3,5,111,1,60,1,1,1,1,1,1,1,1,1,1,
3,5,112,3,30,1,1,1,1,1,1,1,1,1,1,
3,5,113,3,30,1,1,1,1,1,1,1,1,0,1,
3,5,114,2,30,1,1,1,1,1,1,1,1,1,1,
3,5,115,3,0,1,1,1,1,1,1,1,1,1,1,
3,5,116,1,0,1,1,1,1,1,1,1,1,1,1,
3,5,117,3,0,1,1,1,1,1,1,1,1,1,1,
3,5,118,3,30,1,1,1,1,1,1,1,1,1,1,
3,5,119,3,30,1,1,1,1,1,1,1,1,1,1,
3,5,120,3,30,1,1,1,1,1,1,1,1,1,1,
3,5,121,3,30,1,1,1,1,1,1,1,1,1,1,
3,5,122,2,60,1,1,1,1,1,1,1,1,1,1,
3,5,123,3,30,1,1,1,1,1,1,1,1,1,1,
3,5,124,1,30,1,1,1,1,1,1,1,1,1,1,
3,5,125,3,90,1,1,1,1,1,1,1,1,1,1,
3,5,126,2,0,1,1,1,1,1,1,1,1,1,1,
3,5,127,3,30,1,0,1,1,1,1,1,1,1,1,
3,5,128,2,0,1,1,1,1,1,1,1,1,1,1,
3,5,129,1,30,1,1,1,1,1,1,1,1,1,1,
3,5,130,3,30,1,1,1,1,1,1,1,1,1,1,
3,5,131,3,30,1,1,1,1,1,1,1,1,0,1,
3,5,132,2,0,1,1,1,1,1,1,1,1,1,1,
3,5,133,1,30,1,1,1,1,1,1,1,1,1,1,
3,5,134,3,30,1,1,1,1,1,1,1,1,0,1,
3,5,135,1,0,1,1,1,1,1,1,0,1,1,1,
3,5,136,2,30,1,1,1,1,1,1,1,1,1,1,
3,5,137,2,30,1,1,1,1,1,1,1,1,1,1,
3,5,138,2,0,1,1,1,1,1,1,1,1,1,1,
3,5,139,1,60,1,1,1,1,1,1,1,1,1,1,
3,5,140,1,60,1,1,1,1,1,1,1,1,1,1,
3,5,141,3,90,1,1,1,1,1,1,1,1,1,1,
3,5,142,2,90,1,1,1,1,1,1,1,1,0,1,
3,5,143,2,0,1,1,1,1,1,1,1,1,1,1,
3,5,144,1,30,1,1,1,1,1,1,1,1,1,1,
3,6,145,3,0,1,1,1,1,1,1,1,1,1,1,
3,6,146,1,90,1,1,1,1,1,1,1,1,1,1,
3,6,147,1,30,1,1,1,1,1,1,1,1,1,1,
3,6,148,2,30,1,1,1,1,1,1,1,1,1,1,
3,6,149,1,0,1,1,1,1,1,1,1,1,1,1,
3,6,150,3,60,1,1,1,1,1,1,1,1,1,1,
3,6,151,2,60,1,1,1,1,1,1,1,1,1,1,
3,6,152,1,0,1,1,1,1,1,1,1,1,1,1,
3,6,153,1,0,1,1,1,1,1,1,1,1,1,1,
3,6,154,1,30,1,1,1,1,1,1,1,1,1,1,
3,6,155,1,90,1,1,1,1,1,1,1,1,1,1,
3,6,156,1,30,1,1,1,1,1,1,1,1,1,1,
3,6,157,1,60,1,1,1,1,1,1,1,1,1,1,
3,6,158,2,30,1,1,1,1,1,1,1,1,1,1,
3,6,159,1,60,1,1,1,1,1,1,1,1,1,1,
3,6,160,1,0,0,0,1,1,1,0,0,0,0,1,
3,6,161,1,60,1,1,1,1,1,1,1,1,1,1,
3,6,162,1,60,0,0,1,1,1,1,1,1,0,1,
3,6,163,1,90,1,1,1,1,1,1,1,1,1,1,
3,6,164,1,90,1,1,1,1,1,1,1,1,1,1,
3,6,165,2,0,1,1,1,1,1,1,1,1,1,1,
3,6,166,1,90,1,1,1,1,1,1,0,1,1,1,
3,6,167,1,0,1,1,1,1,1,1,1,1,1,1,
3,6,168,1,60,1,1,1,1,1,1,1,1,1,1,
3,6,169,1,60,0,0,1,1,1,1,1,1,0,1,
3,6,170,3,0,1,1,1,1,1,1,1,1,1,1,
3,6,171,1,60,1,1,1,1,1,1,1,1,1,1,
3,6,172,1,90,1,1,1,1,1,1,1,1,1,1,
3,6,173,1,30,1,1,1,1,1,1,1,1,1,1,
3,6,174,1,30,1,1,1,1,1,1,1,1,1,1,
3,6,175,1,30,1,1,1,1,1,1,1,1,1,1,
3,6,176,1,30,1,1,1,1,1,1,1,1,1,1,
